Rk,Name,Age,Tm,Lg,W,L,W-L%,ERA,CG,SHO,SV,IP,H,ER,HR,BB,SO,WHIP,SO9,SO/W
1,Jason Adam\adamja01,26,KCR,AL,0,3,.000,6.12,0,0,0,32.1,30,22,9,15,37,1.392,10.3,2.47
2,Austin Adams\adamsau02,27,WSN,NL,0,0,,0.00,0,0,0,1.0,1,0,0,3,0,4.000,0.0,0.00
3,Chance Adams\adamsch01,23,NYY,AL,0,1,.000,7.04,0,0,0,7.2,8,6,3,4,4,1.565,4.7,1.00
4,Matt Albers\alberma01,35,MIL,NL,3,3,.500,7.34,0,0,1,34.1,45,28,10,12,32,1.660,8.4,2.67
5,Sandy Alcantara\alcansa01,22,MIA,NL,2,3,.400,3.44,0,0,0,34.0,25,13,3,23,30,1.412,7.9,1.30
6,Victor Alcantara\alcanvi01,25,DET,AL,1,1,.500,2.40,0,0,0,30.0,25,8,5,6,21,1.033,6.3,3.50
7,Scott Alexander*\alexasc02,28,LAD,NL,2,1,.667,3.68,0,0,3,66.0,57,27,4,27,56,1.273,7.6,2.07
8,Kolby Allard*\allarko01,20,ATL,NL,1,1,.500,12.38,0,0,0,8.0,19,11,3,4,3,2.875,3.4,0.75
9,Cody Allen\allenco01,29,CLE,AL,4,6,.400,4.70,0,0,27,67.0,58,35,11,33,80,1.358,10.7,2.42
10,Miguel Almonte\almonmi01,25,LAA,AL,0,0,,10.29,0,0,0,7.0,9,8,1,3,7,1.714,9.0,2.33
11,Yency Almonte\almonye01,24,COL,NL,0,0,,1.84,0,0,0,14.2,15,3,1,4,14,1.295,8.6,3.50
12,Dan Altavilla\altavda01,25,SEA,AL,3,2,.600,2.61,0,0,0,20.2,11,6,2,15,23,1.258,10.0,1.53
13,Jose Alvarado*\alvarjo03,23,TBR,AL,1,6,.143,2.39,0,0,8,64.0,42,17,1,29,80,1.109,11.3,2.76
14,Jose Alvarez*\alvarjo02,29,LAA,AL,6,4,.600,2.71,0,0,1,63.0,51,19,3,22,59,1.159,8.4,2.68
15,Brett Anderson*\anderbr04,30,OAK,AL,4,5,.444,4.48,0,0,0,80.1,90,40,10,13,47,1.282,5.3,3.62
16,Chase Anderson\anderch01,30,MIL,NL,9,8,.529,3.93,0,0,0,158.0,131,69,30,57,128,1.190,7.3,2.25
17,Drew Anderson\anderdr02,24,PHI,NL,0,1,.000,4.97,0,0,0,12.2,17,7,0,2,11,1.500,7.8,5.50
18,Justin Anderson\anderju01,25,LAA,AL,3,3,.500,4.07,0,0,4,55.1,42,25,3,40,67,1.482,10.9,1.68
19,Tanner Anderson\anderta01,25,PIT,NL,1,0,1.000,6.35,0,0,0,11.1,15,8,1,8,6,2.029,4.8,0.75
20,Tyler Anderson*\anderty01,28,COL,NL,7,9,.438,4.55,0,0,0,176.0,165,89,30,59,164,1.273,8.4,2.78
21,Matt Andriese\andrima01,28,TOT,MLB,3,7,.300,5.26,0,0,0,78.2,84,46,15,25,78,1.386,8.9,3.12
22,Matt Andriese\andrima01,28,TBR,AL,3,4,.429,4.07,0,0,0,59.2,55,27,7,18,59,1.223,8.9,3.28
23,Matt Andriese\andrima01,28,ARI,NL,0,3,.000,9.00,0,0,0,19.0,29,19,8,7,19,1.895,9.0,2.71
24,Victor Arano\aranovi01,23,PHI,NL,1,2,.333,2.73,0,0,3,59.1,54,18,6,17,60,1.197,9.1,3.53
25,Pedro Araujo\araujpe01,24,BAL,AL,1,3,.250,7.71,0,0,0,28.0,29,24,9,18,29,1.679,9.3,1.61
26,Chris Archer\archech01,29,TOT,MLB,6,8,.429,4.31,0,0,0,148.1,155,71,19,49,162,1.375,9.8,3.31
27,Chris Archer\archech01,29,TBR,AL,3,5,.375,4.31,0,0,0,96.0,102,46,11,31,102,1.385,9.6,3.29
28,Chris Archer\archech01,29,PIT,NL,3,3,.500,4.30,0,0,0,52.1,53,25,8,18,60,1.357,10.3,3.33
29,Francisco Arcia\arciafr01,28,LAA,AL,0,0,,9.00,0,0,0,3.0,5,3,2,0,0,1.667,0.0,
30,Shawn Armstrong\armstsh01,27,SEA,AL,0,1,.000,1.23,0,0,1,14.2,9,2,1,3,15,0.818,9.2,5.00
31,Jake Arrieta\arrieja01,32,PHI,NL,10,11,.476,3.96,0,0,0,172.2,165,76,21,57,138,1.286,7.2,2.42
32,Alec Asher\asheral01,26,MIL,NL,0,0,,0.00,0,0,0,3.0,2,0,0,1,2,1.000,6.0,2.00
33,Willians Astudillo\astudwi01,26,MIN,AL,0,0,,45.00,0,0,0,1.0,5,5,2,0,0,5.000,0.0,
34,Alex Avila\avilaal01,31,ARI,NL,0,0,,0.00,0,0,0,2.0,1,0,0,0,0,0.500,0.0,
35,Luis Avilan*\avilalu01,28,TOT,MLB,2,1,.667,3.77,0,0,2,45.1,44,19,3,18,51,1.368,10.1,2.83
36,Luis Avilan*\avilalu01,28,CHW,AL,2,1,.667,3.86,0,0,2,39.2,40,17,2,14,46,1.361,10.4,3.29
37,Luis Avilan*\avilalu01,28,PHI,NL,0,0,,3.18,0,0,0,5.2,4,2,1,4,5,1.412,7.9,1.25
38,John Axford\axforjo01,35,TOT,MLB,4,1,.800,5.27,0,0,0,54.2,52,32,6,22,54,1.354,8.9,2.45
39,John Axford\axforjo01,35,TOR,AL,4,1,.800,4.41,0,0,0,51.0,44,25,6,20,50,1.255,8.8,2.50
40,John Axford\axforjo01,35,LAD,NL,0,0,,17.18,0,0,0,3.2,8,7,0,2,4,2.727,9.8,2.00
41,Pedro Baez\baezpe01,30,LAD,NL,4,3,.571,2.88,0,0,0,56.1,46,18,4,23,62,1.225,9.9,2.70
42,Sandy Baez\baezsa01,24,DET,AL,0,0,,5.02,0,0,0,14.1,12,8,2,9,10,1.465,6.3,1.11
43,Homer Bailey\baileho02,32,CIN,NL,1,14,.067,6.09,1,0,0,106.1,141,72,23,33,75,1.636,6.3,2.27
44,Anthony Banda*\bandaan01,24,TBR,AL,1,0,1.000,3.68,0,0,0,14.2,12,6,1,3,10,1.023,6.1,3.33
45,Johnny Barbato\barbajo01,25,DET,AL,0,0,,12.15,0,0,0,6.2,11,9,3,5,2,2.400,2.7,0.40
46,Luke Bard\bardlu01,27,LAA,AL,0,0,,5.40,0,0,0,11.2,10,7,4,5,13,1.286,10.0,2.60
47,Scott Barlow\barlosc01,25,KCR,AL,1,1,.500,3.60,0,0,0,15.0,16,6,2,3,15,1.267,9.0,5.00
48,Danny Barnes\barneda02,28,TOR,AL,3,3,.500,5.71,0,0,0,41.0,47,26,6,22,38,1.683,8.3,1.73
49,Jacob Barnes\barneja01,28,MIL,NL,0,1,.000,3.33,0,0,2,48.2,51,18,4,23,47,1.521,8.7,2.04
50,Matt Barnes\barnema01,28,BOS,AL,6,4,.600,3.65,0,0,0,61.2,47,25,5,31,96,1.265,14.0,3.10
51,Tony Barnette\barneto01,34,TEX,AL,2,0,1.000,2.39,0,0,0,26.1,19,7,2,5,26,0.911,8.9,5.20
52,Kyle Barraclough\barraky01,28,MIA,NL,1,6,.143,4.20,0,0,10,55.2,40,26,8,34,60,1.329,9.7,1.76
53,Jake Barrett\barreja01,26,ARI,NL,0,1,.000,5.14,0,0,0,7.0,8,4,1,2,6,1.429,7.7,3.00
54,Jaime Barria\barrija01,21,LAA,AL,10,9,.526,3.41,0,0,0,129.1,117,49,17,47,98,1.268,6.8,2.09
55,Tyler Bashlor\bashlty01,25,NYM,NL,0,3,.000,4.22,0,0,0,32.0,26,15,6,12,25,1.188,7.0,2.08
56,Anthony Bass\bassan01,30,CHC,NL,0,0,,2.93,0,0,0,15.1,18,5,1,3,14,1.370,8.2,4.67
57,Chris Bassitt\bassich01,29,OAK,AL,2,3,.400,3.02,0,0,0,47.2,40,16,4,19,41,1.238,7.7,2.16
58,Trevor Bauer\bauertr01,27,CLE,AL,12,6,.667,2.21,0,0,1,175.1,134,43,9,57,221,1.089,11.3,3.88
59,Buddy Baumann*\baumabu01,30,TOT,NL,0,2,.000,27.00,0,0,0,3.1,9,10,1,7,4,4.800,10.8,0.57
60,Buddy Baumann*\baumabu01,30,SDP,NL,0,1,.000,54.00,0,0,0,0.1,2,2,0,2,0,12.000,0.0,0.00
61,Buddy Baumann*\baumabu01,30,NYM,NL,0,1,.000,24.00,0,0,0,3.0,7,8,1,5,4,4.000,12.0,0.80
62,Gerson Bautista\bautige01,23,NYM,NL,0,1,.000,12.46,0,0,0,4.1,8,6,2,5,3,3.000,6.2,0.60
63,Chris Beck\beckch02,27,TOT,MLB,0,0,,4.50,0,0,1,34.0,34,17,8,20,21,1.588,5.6,1.05
64,Chris Beck\beckch02,27,CHW,AL,0,0,,4.18,0,0,1,23.2,24,11,5,11,16,1.479,6.1,1.45
65,Chris Beck\beckch02,27,NYM,NL,0,0,,5.23,0,0,0,10.1,10,6,3,9,5,1.839,4.4,0.56
66,Cam Bedrosian\bedroca01,26,LAA,AL,5,4,.556,3.80,0,0,1,64.0,63,27,7,26,57,1.391,8.0,2.19
67,Tyler Beede\beedety01,25,SFG,NL,0,1,.000,8.22,0,0,0,7.2,9,7,0,8,9,2.217,10.6,1.13
68,Jalen Beeks*\beeksja02,24,TOT,AL,5,1,.833,5.51,0,0,0,50.2,52,31,6,24,42,1.500,7.5,1.75
69,Jalen Beeks*\beeksja02,24,BOS,AL,0,1,.000,12.79,0,0,0,6.1,11,9,1,4,5,2.368,7.1,1.25
70,Jalen Beeks*\beeksja02,24,TBR,AL,5,0,1.000,4.47,0,0,0,44.1,41,22,5,20,37,1.376,7.5,1.85
71,Matt Belisle\belisma01,38,TOT,AL,1,1,.500,7.86,0,0,0,34.1,49,30,6,11,25,1.748,6.6,2.27
72,Matt Belisle\belisma01,38,CLE,AL,0,0,,5.06,0,0,0,10.2,9,6,1,1,4,0.938,3.4,4.00
73,Matt Belisle\belisma01,38,MIN,AL,1,1,.500,9.13,0,0,0,23.2,40,24,5,10,21,2.113,8.0,2.10
74,Jeff Beliveau*\belivje01,31,CLE,AL,0,0,,11.57,0,0,1,4.2,7,6,2,5,2,2.571,3.9,0.40
75,Chad Bell*\bellch02,29,DET,AL,0,1,.000,8.59,0,0,0,7.1,14,7,1,2,7,2.182,8.6,3.50
76,Christian Bergman\bergmch01,30,SEA,AL,0,1,.000,5.79,0,0,0,14.0,12,9,4,3,7,1.071,4.5,2.33
77,Jose Berrios\berrijo01,24,MIN,AL,12,11,.522,3.84,2,1,0,192.1,159,82,25,61,202,1.144,9.5,3.31
78,Dellin Betances\betande01,30,NYY,AL,4,6,.400,2.70,0,0,4,66.2,44,20,7,26,115,1.050,15.5,4.42
79,Chad Bettis\bettich01,29,COL,NL,5,2,.714,5.01,0,0,0,120.1,121,67,18,47,80,1.396,6.0,1.70
80,Joe Biagini\biagijo01,28,TOR,AL,4,7,.364,6.00,0,0,0,72.0,96,48,14,24,53,1.667,6.6,2.21
81,Austin Bibens-Dirkx\bibenau01,33,TEX,AL,2,3,.400,6.20,0,0,0,45.0,56,31,9,14,33,1.556,6.6,2.36
82,Jesse Biddle*\biddlje01,26,ATL,NL,6,1,.857,3.11,0,0,1,63.2,50,22,6,31,67,1.272,9.5,2.16
83,Shane Bieber\biebesh01,23,CLE,AL,11,5,.688,4.55,0,0,0,114.2,130,58,13,23,118,1.334,9.3,5.13
84,Ty Blach*\blachty01,27,SFG,NL,6,7,.462,4.25,0,0,0,118.2,133,56,8,41,75,1.466,5.7,1.83
85,Ray Black\blackra01,28,SFG,NL,2,2,.500,6.17,0,0,0,23.1,17,16,4,10,33,1.157,12.7,3.30
86,Paul Blackburn\blackpa01,24,OAK,AL,2,3,.400,7.16,0,0,0,27.2,33,22,2,6,19,1.410,6.2,3.17
87,Alex Blandino\blandal01,25,CIN,NL,0,0,,0.00,0,0,0,1.0,1,0,0,0,2,1.000,18.0,
88,Jeremy Bleich*\bleicje01,31,OAK,AL,0,0,,54.00,0,0,0,0.1,2,2,0,0,1,6.000,27.0,
89,Richard Bleier*\bleieri01,31,BAL,AL,3,0,1.000,1.93,0,0,0,32.2,36,7,0,4,15,1.224,4.1,3.75
90,Jerry Blevins*\blevije01,34,NYM,NL,3,2,.600,4.85,0,0,1,42.2,36,23,6,22,41,1.359,8.6,1.86
91,Ryan Borucki*\borucry01,24,TOR,AL,4,6,.400,3.87,0,0,0,97.2,96,42,7,33,67,1.321,6.2,2.03
92,Matt Bowman\bowmama01,27,STL,NL,0,2,.000,6.26,0,0,0,23.0,29,16,4,11,26,1.739,10.2,2.36
93,Brad Boxberger\boxbebr01,30,ARI,NL,3,7,.300,4.39,0,0,32,53.1,44,26,9,32,71,1.425,12.0,2.22
94,Matthew Boyd*\boydma01,27,DET,AL,9,13,.409,4.39,0,0,0,170.1,146,83,27,51,159,1.157,8.4,3.12
95,Blaine Boyer\boyerbl01,36,KCR,AL,2,1,.667,12.05,0,0,1,21.2,32,29,7,13,9,2.077,3.7,0.69
96,Brad Brach\brachbr01,32,TOT,MLB,2,4,.333,3.59,0,0,12,62.2,72,25,5,28,60,1.596,8.6,2.14
97,Brad Brach\brachbr01,32,BAL,AL,1,2,.333,4.85,0,0,11,39.0,50,21,4,19,38,1.769,8.8,2.00
98,Brad Brach\brachbr01,32,ATL,NL,1,2,.333,1.52,0,0,1,23.2,22,4,1,9,22,1.310,8.4,2.44
99,Silvino Bracho\brachsi01,25,ARI,NL,2,0,1.000,3.19,0,0,0,31.0,25,11,2,12,34,1.194,9.9,2.83
100,Chasen Bradford\bradfch02,28,SEA,AL,5,0,1.000,3.69,0,0,0,53.2,55,22,9,14,38,1.286,6.4,2.71
101,Archie Bradley\bradlar01,25,ARI,NL,4,5,.444,3.64,0,0,3,71.2,62,29,9,20,75,1.144,9.4,3.75
102,Ryan Brasier\brasiry01,30,BOS,AL,2,0,1.000,1.60,0,0,0,33.2,19,6,2,7,29,0.772,7.8,4.14
103,Steven Brault*\braulst01,26,PIT,NL,6,3,.667,4.61,0,0,0,91.2,84,47,10,57,82,1.538,8.1,1.44
104,John Brebbia\brebbjo01,28,STL,NL,3,3,.500,3.20,0,0,2,50.2,43,18,5,16,60,1.164,10.7,3.75
105,Colten Brewer\breweco01,25,SDP,NL,1,0,1.000,5.59,0,0,0,9.2,15,6,0,7,10,2.276,9.3,1.43
106,Austin Brice\briceau01,26,CIN,NL,2,3,.400,5.79,0,0,0,37.1,39,24,9,13,32,1.393,7.7,2.46
107,Parker Bridwell\bridwpa01,26,LAA,AL,1,0,1.000,17.55,0,0,0,6.2,14,13,5,2,3,2.400,4.1,1.50
108,Jeff Brigham\brighje01,26,MIA,NL,0,4,.000,6.06,0,0,0,16.1,16,11,2,13,12,1.776,6.6,0.92
109,Zack Britton*\brittza01,30,TOT,AL,2,0,1.000,3.10,0,0,7,40.2,29,14,3,21,34,1.230,7.5,1.62
110,Zack Britton*\brittza01,30,BAL,AL,1,0,1.000,3.45,0,0,4,15.2,11,6,1,10,13,1.340,7.5,1.30
111,Zack Britton*\brittza01,30,NYY,AL,1,0,1.000,2.88,0,0,3,25.0,18,8,2,11,21,1.160,7.6,1.91
112,Aaron Brooks\brookaa01,28,OAK,AL,0,0,,0.00,0,0,0,2.2,1,0,0,2,1,1.125,3.4,0.50
113,Rex Brothers*\brothre01,30,ATL,NL,0,0,,inf,0,0,0,0.0,0,1,0,2,0,,,0.00
114,Clay Buchholz\buchhcl01,33,ARI,NL,7,2,.778,2.01,1,0,0,98.1,80,22,9,22,81,1.037,7.4,3.68
115,Ryan Buchter*\buchtry01,31,OAK,AL,6,0,1.000,2.75,0,0,0,39.1,32,12,4,15,41,1.195,9.4,2.73
116,Walker Buehler\buehlwa01,23,LAD,NL,8,5,.615,2.62,0,0,0,137.1,95,40,12,37,151,0.961,9.9,4.08
117,Madison Bumgarner*\bumgama01,28,SFG,NL,6,7,.462,3.26,0,0,0,129.2,118,47,14,43,109,1.242,7.6,2.53
118,Aaron Bummer*\bummeaa01,24,CHW,AL,0,1,.000,4.26,0,0,0,31.2,40,15,1,10,35,1.579,9.9,3.50
119,Dylan Bundy\bundydy01,25,BAL,AL,8,16,.333,5.45,1,0,0,171.2,188,104,41,54,184,1.410,9.6,3.41
120,Nick Burdi\burdini01,25,PIT,NL,0,0,,20.25,0,0,0,1.1,3,3,1,2,2,3.750,13.5,1.00
121,Corbin Burnes\burneco01,23,MIL,NL,7,0,1.000,2.61,0,0,1,38.0,27,11,4,11,35,1.000,8.3,3.18
122,Ryan Burr\burrry01,24,CHW,AL,0,0,,7.45,0,0,0,9.2,12,8,3,6,6,1.862,5.6,1.00
123,Alan Busenitz\busenal01,27,MIN,AL,4,1,.800,7.82,0,0,0,25.1,37,22,8,14,26,2.013,9.2,1.86
124,Matt Bush\bushma01,32,TEX,AL,0,0,,4.70,0,0,0,23.0,23,12,3,14,19,1.609,7.4,1.36
125,Drew Butera\buterdr01,34,KCR,AL,0,0,,54.00,0,0,0,0.1,2,2,0,3,0,15.000,0.0,0.00
126,Eddie Butler\butleed01,27,TOT,MLB,2,3,.400,5.62,0,0,2,49.2,59,31,11,19,29,1.570,5.3,1.53
127,Eddie Butler\butleed01,27,CHC,NL,1,1,.500,4.08,0,0,0,17.2,16,8,1,7,11,1.302,5.6,1.57
128,Eddie Butler\butleed01,27,TEX,AL,1,2,.333,6.47,0,0,2,32.0,43,23,10,12,18,1.719,5.1,1.50
129,Ty Buttrey\buttrty01,25,LAA,AL,0,1,.000,3.31,0,0,4,16.1,15,6,0,5,20,1.224,11.0,4.00
130,Trevor Cahill\cahiltr01,30,OAK,AL,7,4,.636,3.76,0,0,0,110.0,90,46,8,41,100,1.191,8.2,2.44
131,Victor Caratini\caratvi01,24,CHC,NL,0,0,,9.00,0,0,0,2.0,3,2,1,0,0,1.500,0.0,
132,Shane Carle\carlesh01,26,ATL,NL,4,1,.800,2.86,0,0,1,63.0,50,20,2,27,43,1.222,6.1,1.59
133,Ryan Carpenter*\carpery01,27,DET,AL,1,2,.333,7.25,0,0,0,22.1,34,18,8,4,15,1.701,6.0,3.75
134,Carlos Carrasco\carraca01,31,CLE,AL,17,10,.630,3.38,2,0,0,192.0,173,72,21,43,231,1.125,10.8,5.37
135,Cody Carroll\carroco01,25,BAL,AL,0,2,.000,9.00,0,0,0,17.0,21,17,6,13,16,2.000,8.5,1.23
136,Andrew Cashner\cashnan01,31,BAL,AL,4,15,.211,5.29,0,0,0,153.0,177,90,25,65,99,1.582,5.8,1.52
137,Santiago Casilla\garcija01,37,OAK,AL,0,0,,3.16,0,0,1,31.1,18,11,0,20,22,1.213,6.3,1.10
138,Diego Castillo\castidi01,24,TBR,AL,4,2,.667,3.18,0,0,0,56.2,36,20,6,18,65,0.953,10.3,3.61
139,Jose Castillo*\castijo03,22,SDP,NL,3,3,.500,3.29,0,0,0,38.1,23,14,3,12,52,0.913,12.2,4.33
140,Luis Castillo\castilu02,25,CIN,NL,10,12,.455,4.30,0,0,0,169.2,158,81,28,49,165,1.220,8.8,3.37
141,Miguel Castro\castrmi01,23,BAL,AL,2,7,.222,3.96,0,0,0,86.1,75,38,9,50,57,1.448,5.9,1.14
142,Brett Cecil*\cecilbr01,31,STL,NL,1,1,.500,6.89,0,0,0,32.2,39,25,5,25,19,1.959,5.2,0.76
143,Xavier Cedeno*\cedenxa01,31,TOT,MLB,2,0,1.000,2.43,0,0,1,33.1,26,9,1,16,34,1.260,9.2,2.13
144,Xavier Cedeno*\cedenxa01,31,CHW,AL,2,0,1.000,2.84,0,0,1,25.1,19,8,1,13,28,1.263,9.9,2.15
145,Xavier Cedeno*\cedenxa01,31,MIL,NL,0,0,,1.13,0,0,0,8.0,7,1,0,3,6,1.250,6.8,2.00
146,Luis Cessa\cessalu01,26,NYY,AL,1,4,.200,5.24,0,0,2,44.2,51,26,5,13,39,1.433,7.9,3.00
147,Jhoulys Chacin\chacijh01,30,MIL,NL,15,8,.652,3.50,0,0,0,192.2,153,75,18,71,156,1.163,7.3,2.20
148,Andrew Chafin*\chafian01,28,ARI,NL,1,6,.143,3.10,0,0,0,49.1,41,17,0,25,53,1.338,9.7,2.12
149,Aroldis Chapman*\chapmar01,30,NYY,AL,3,0,1.000,2.45,0,0,32,51.1,24,14,2,30,93,1.052,16.3,3.10
150,JT Chargois\chargjt01,27,LAD,NL,2,4,.333,3.34,0,0,0,32.1,26,12,4,15,40,1.268,11.1,2.67
151,Tyler Chatwood\chatwty01,28,CHC,NL,4,6,.400,5.30,0,0,0,103.2,92,61,9,95,85,1.804,7.4,0.89
152,Jesse Chavez\chaveje01,34,TOT,MLB,5,2,.714,2.55,0,0,5,95.1,84,27,13,17,92,1.059,8.7,5.41
153,Jesse Chavez\chaveje01,34,TEX,AL,3,1,.750,3.51,0,0,1,56.1,58,22,10,12,50,1.243,8.0,4.17
154,Jesse Chavez\chaveje01,34,CHC,NL,2,1,.667,1.15,0,0,4,39.0,26,5,3,5,42,0.795,9.7,8.40
155,Wei-Yin Chen*\chenwe02,32,MIA,NL,6,12,.333,4.79,0,0,0,133.1,131,71,19,47,111,1.335,7.5,2.36
156,Yonny Chirinos\chiriyo01,24,TBR,AL,5,5,.500,3.51,0,0,0,89.2,84,35,7,25,75,1.216,7.5,3.00
157,Adam Cimber\cimbead01,27,TOT,MLB,3,8,.273,3.42,0,0,0,68.1,68,26,5,17,58,1.244,7.6,3.41
158,Adam Cimber\cimbead01,27,SDP,NL,3,5,.375,3.17,0,0,0,48.1,42,17,2,10,51,1.076,9.5,5.10
159,Adam Cimber\cimbead01,27,CLE,AL,0,3,.000,4.05,0,0,0,20.0,26,9,3,7,7,1.650,3.2,1.00
160,Tony Cingrani*\cingrto01,28,LAD,NL,1,2,.333,4.76,0,0,0,22.2,19,12,2,6,36,1.103,14.3,6.00
161,Steve Cishek\cishest01,32,CHC,NL,4,3,.571,2.18,0,0,4,70.1,45,17,5,28,78,1.038,10.0,2.79
162,Alex Claudio*\claudal01,26,TEX,AL,4,2,.667,4.48,0,0,1,68.1,91,34,4,13,41,1.522,5.4,3.15
163,Mike Clevinger\clevimi01,27,CLE,AL,13,8,.619,3.02,1,1,0,200.0,164,67,21,67,207,1.155,9.3,3.09
164,Tyler Clippard\clippty01,33,TOR,AL,4,3,.571,3.67,0,0,7,68.2,57,28,13,23,85,1.165,11.1,3.70
165,Tyler Cloyd\cloydty01,31,MIA,NL,0,0,,8.66,0,0,0,17.2,25,17,3,10,13,1.981,6.6,1.30
166,Alex Cobb\cobbal01,30,BAL,AL,5,15,.250,4.90,1,0,0,152.1,172,83,24,43,102,1.411,6.0,2.37
167,A.J. Cole\coleaj01,26,TOT,MLB,4,2,.667,6.14,0,0,0,48.1,55,33,15,22,59,1.593,11.0,2.68
168,A.J. Cole\coleaj01,26,WSN,NL,1,1,.500,13.06,0,0,0,10.1,16,15,6,6,10,2.129,8.7,1.67
169,A.J. Cole\coleaj01,26,NYY,AL,3,1,.750,4.26,0,0,0,38.0,39,18,9,16,49,1.447,11.6,3.06
170,Gerrit Cole\colege01,27,HOU,AL,15,5,.750,2.88,1,1,0,200.1,143,64,19,64,276,1.033,12.4,4.31
171,Taylor Cole\coleta01,28,LAA,AL,4,2,.667,2.75,0,0,0,36.0,20,11,3,12,39,0.889,9.8,3.25
172,Louis Coleman\colemlo01,32,DET,AL,4,1,.800,3.51,0,0,0,51.1,43,20,5,24,41,1.305,7.2,1.71
173,Tim Collins*\colliti01,28,WSN,NL,0,0,,4.37,0,0,0,22.2,23,11,5,12,21,1.544,8.3,1.75
174,Alex Colome\colomal01,29,TOT,AL,7,5,.583,3.04,0,0,12,68.0,59,23,7,21,72,1.176,9.5,3.43
175,Alex Colome\colomal01,29,TBR,AL,2,5,.286,4.15,0,0,11,21.2,24,10,1,8,23,1.477,9.6,2.88
176,Alex Colome\colomal01,29,SEA,AL,5,0,1.000,2.53,0,0,1,46.1,35,13,6,13,49,1.036,9.5,3.77
177,Bartolo Colon\colonba01,45,TEX,AL,7,12,.368,5.78,1,0,0,146.1,172,94,32,25,81,1.346,5.0,3.24
178,Adam Conley*\conlead01,28,MIA,NL,3,4,.429,4.09,0,0,3,50.2,37,23,5,18,50,1.086,8.9,2.78
179,P.J. Conlon*\conlopj01,24,NYM,NL,0,0,,8.22,0,0,0,7.2,15,7,2,2,5,2.217,5.9,2.50
180,Ryan Cook\cookry01,31,SEA,AL,2,1,.667,5.29,0,0,0,17.0,15,10,4,7,23,1.294,12.2,3.29
181,Scott Copeland\copelsc01,30,NYM,NL,0,0,,0.00,0,0,0,1.1,1,0,0,0,2,0.750,13.5,
182,Patrick Corbin*\corbipa01,28,ARI,NL,11,7,.611,3.15,1,1,0,200.0,162,70,15,48,246,1.050,11.1,5.13
183,Daniel Corcino\corcida01,27,LAD,NL,0,0,,2.25,0,0,1,4.0,2,1,0,3,1,1.250,2.3,0.33
184,Jimmy Cordero\cordeji01,26,WSN,NL,1,2,.333,5.68,0,0,0,19.0,23,12,2,12,12,1.842,5.7,1.00
185,Nestor Cortes Jr.*\cortene01,23,BAL,AL,0,0,,7.71,0,0,0,4.2,10,4,2,4,3,3.000,5.8,0.75
186,Danny Coulombe*\couloda01,28,OAK,AL,1,1,.500,4.56,0,0,0,23.2,24,12,5,11,26,1.479,9.9,2.36
187,Dylan Covey\coveydy01,26,CHW,AL,5,14,.263,5.18,0,0,0,121.2,129,70,13,52,91,1.488,6.7,1.75
188,Kyle Crick\crickky01,25,PIT,NL,3,2,.600,2.39,0,0,2,60.1,45,16,3,23,65,1.127,9.7,2.83
189,Kyle Crockett*\crockky01,26,CIN,NL,1,0,1.000,5.79,0,0,0,9.1,16,6,1,2,11,1.929,10.6,5.50
190,Rhiner Cruz\cruzrh01,31,TOR,AL,0,0,,2.70,0,0,0,3.1,3,1,0,2,4,1.500,10.8,2.00
191,Johnny Cueto\cuetojo01,32,SFG,NL,3,2,.600,3.23,0,0,0,53.0,46,19,8,13,38,1.113,6.5,2.92
192,William Cuevas\cuevawi01,27,BOS,AL,0,2,.000,7.41,0,0,0,17.0,20,14,3,11,20,1.824,10.6,1.82
193,Charlie Culberson\culbech01,29,ATL,NL,0,0,,9.00,0,0,0,1.0,2,1,0,0,0,2.000,0.0,
194,Brandon Cumpton\cumptbr01,29,TOR,AL,0,0,,5.40,0,0,0,1.2,3,1,0,2,2,3.000,10.8,1.00
195,Zac Curtis*\curtiza01,25,TOT,MLB,0,1,.000,4.96,0,0,0,16.1,12,9,1,19,18,1.898,9.9,0.95
196,Zac Curtis*\curtiza01,25,PHI,NL,0,0,,1.86,0,0,0,9.2,6,2,0,10,10,1.655,9.3,1.00
197,Zac Curtis*\curtiza01,25,TEX,AL,0,1,.000,9.45,0,0,0,6.2,6,7,1,9,8,2.250,10.8,0.89
198,John Curtiss\curtijo02,25,MIN,AL,0,1,.000,5.68,0,0,0,6.1,8,4,0,4,7,1.895,9.9,1.75
199,Chase d'Arnaud\darnach01,31,SFG,NL,0,0,,0.00,0,0,0,1.0,1,0,0,0,0,1.000,0.0,
200,Tyler Danish\danisty01,23,CHW,AL,1,0,1.000,7.11,0,0,0,6.1,8,5,2,4,5,1.895,7.1,1.25
201,Yu Darvish\darviyu01,31,CHC,NL,1,3,.250,4.95,0,0,0,40.0,36,22,7,21,49,1.425,11.0,2.33
202,Matt Davidson\davidma02,27,CHW,AL,0,0,,0.00,0,0,0,3.0,1,0,0,1,2,0.667,6.0,2.00
203,Zach Davies\davieza02,25,MIL,NL,2,7,.222,4.77,0,0,0,66.0,67,35,8,21,49,1.333,6.7,2.33
204,Austin Davis*\davisau01,25,PHI,NL,1,2,.333,4.15,0,0,0,34.2,35,16,4,12,38,1.356,9.9,3.17
205,J.D. Davis\davisjd01,25,HOU,AL,0,0,,9.00,0,0,0,1.0,1,1,1,0,1,1.000,9.0,
206,Wade Davis\daviswa01,32,COL,NL,3,6,.333,4.13,0,0,43,65.1,43,30,8,26,78,1.056,10.7,3.00
207,Chase De Jong\dejonch01,24,MIN,AL,1,1,.500,3.57,0,0,0,17.2,18,7,3,6,13,1.358,6.6,2.17
208,Jorge De La Rosa*\rosajo01,37,TOT,NL,0,2,.000,3.38,0,0,1,56.0,51,21,6,27,47,1.393,7.6,1.74
209,Jorge De La Rosa*\rosajo01,37,ARI,NL,0,2,.000,4.63,0,0,0,35.0,37,18,6,19,27,1.600,6.9,1.42
210,Jorge De La Rosa*\rosajo01,37,CHC,NL,0,0,,1.29,0,0,1,21.0,14,3,0,8,20,1.048,8.6,2.50
211,Enyel De Los Santos\delosen01,22,PHI,NL,1,0,1.000,4.74,0,0,0,19.0,19,10,2,8,15,1.421,7.1,1.88
212,Dean Deetz\deetzde01,24,HOU,AL,0,0,,5.40,0,0,0,3.1,4,2,1,1,3,1.500,8.1,3.00
213,Jacob deGrom\degroja01,30,NYM,NL,10,9,.526,1.70,1,0,0,217.0,152,41,10,46,269,0.912,11.2,5.85
214,Randall Delgado\delgara01,28,ARI,NL,2,0,1.000,4.76,0,0,0,11.1,11,6,3,6,5,1.500,4.0,0.83
215,Daniel Descalso\descada01,31,ARI,NL,0,0,,8.10,0,0,0,3.1,4,3,2,1,2,1.500,5.4,2.00
216,Anthony DeSclafani\desclan01,28,CIN,NL,7,8,.467,4.93,0,0,0,115.0,118,63,24,30,108,1.287,8.5,3.60
217,Odrisamer Despaigne\despaod01,31,TOT,MLB,2,3,.400,6.69,0,0,0,39.0,52,29,4,19,35,1.821,8.1,1.84
218,Odrisamer Despaigne\despaod01,31,MIA,NL,2,0,1.000,5.31,0,0,0,20.1,22,12,1,8,18,1.475,8.0,2.25
219,Odrisamer Despaigne\despaod01,31,LAA,AL,0,3,.000,8.20,0,0,0,18.2,30,17,3,11,17,2.196,8.2,1.55
220,Ross Detwiler*\detwiro01,32,SEA,AL,0,1,.000,4.50,0,0,0,6.0,8,3,1,2,2,1.667,3.0,1.00
221,Chris Devenski\devench02,27,HOU,AL,2,3,.400,4.18,0,0,2,47.1,42,22,9,13,51,1.162,9.7,3.92
222,Edwin Diaz\diazed04,24,SEA,AL,0,4,.000,1.96,0,0,57,73.1,41,16,5,17,124,0.791,15.2,7.29
223,Miguel Diaz\diazmi02,23,SDP,NL,1,0,1.000,4.82,0,0,0,18.2,16,10,2,12,30,1.500,14.5,2.50
224,Jake Diekman*\diekmja01,31,TOT,MLB,1,2,.333,4.73,0,0,2,53.1,49,28,4,31,66,1.500,11.1,2.13
225,Jake Diekman*\diekmja01,31,TEX,AL,1,1,.500,3.69,0,0,2,39.0,31,16,2,23,48,1.385,11.1,2.09
226,Jake Diekman*\diekmja01,31,ARI,NL,0,1,.000,7.53,0,0,0,14.1,18,12,2,8,18,1.814,11.3,2.25
227,Brandon Dixon\dixonbr01,26,CIN,NL,0,0,,0.00,0,0,0,1.1,0,0,0,0,1,0.000,6.8,
228,Seranthony Dominguez\dominse01,23,PHI,NL,2,5,.286,2.95,0,0,16,58.0,32,19,4,22,74,0.931,11.5,3.36
229,Sean Doolittle*\doolise01,31,WSN,NL,3,3,.500,1.60,0,0,25,45.0,21,8,3,6,60,0.600,12.0,10.00
230,Oliver Drake\drakeol01,31,TOT,MLB,1,1,.500,5.29,0,0,0,47.2,52,28,4,17,51,1.448,9.6,3.00
231,Oliver Drake\drakeol01,31,TOT,AL,0,1,.000,4.89,0,0,0,35.0,38,19,4,9,36,1.343,9.3,4.00
232,Oliver Drake\drakeol01,31,MIL,NL,1,0,1.000,6.39,0,0,0,12.2,14,9,0,8,15,1.737,10.7,1.88
233,Oliver Drake\drakeol01,31,CLE,AL,0,0,,12.46,0,0,0,4.1,7,6,0,1,4,1.846,8.3,4.00
234,Oliver Drake\drakeol01,31,LAA,AL,0,1,.000,5.19,0,0,0,8.2,15,5,2,1,8,1.846,8.3,8.00
235,Oliver Drake\drakeol01,31,TOR,AL,0,0,,16.20,0,0,0,1.2,4,3,0,0,2,2.400,10.8,
236,Oliver Drake\drakeol01,31,MIN,AL,0,0,,2.21,0,0,0,20.1,12,5,2,7,22,0.934,9.7,3.14
237,Brian Duensing*\duensbr01,35,CHC,NL,3,0,1.000,7.65,0,0,1,37.2,42,32,6,29,24,1.885,5.7,0.83
238,Tyler Duffey\duffety01,27,MIN,AL,2,2,.500,7.20,0,0,0,25.0,26,20,6,4,19,1.200,6.8,4.75
239,Danny Duffy*\duffyda01,29,KCR,AL,8,12,.400,4.88,0,0,0,155.0,161,84,23,70,141,1.490,8.2,2.01
240,Zach Duke*\dukeza01,35,TOT,AL,5,5,.500,4.15,0,0,0,52.0,57,24,1,21,51,1.500,8.8,2.43
241,Zach Duke*\dukeza01,35,MIN,AL,3,4,.429,3.62,0,0,0,37.1,44,15,0,15,39,1.580,9.4,2.60
242,Zach Duke*\dukeza01,35,SEA,AL,2,1,.667,5.52,0,0,0,14.2,13,9,1,6,12,1.295,7.4,2.00
243,Ryan Dull\dullry01,28,OAK,AL,0,0,,4.26,0,0,0,25.1,22,12,3,7,21,1.145,7.5,3.00
244,Mike Dunn*\dunnmi01,33,COL,NL,0,0,,9.00,0,0,0,17.0,22,17,1,18,12,2.353,6.4,0.67
245,Sam Dyson\dysonsa01,30,SFG,NL,4,3,.571,2.69,0,0,3,70.1,56,21,5,20,56,1.081,7.2,2.80
246,Carl Edwards Jr.\edwarca01,26,CHC,NL,3,2,.600,2.60,0,0,0,52.0,36,15,2,32,67,1.308,11.6,2.09
247,Jon Edwards\edwarjo02,30,CLE,AL,0,0,,3.12,0,0,0,8.2,6,3,2,4,10,1.154,10.4,2.50
248,Zach Eflin\eflinza01,24,PHI,NL,11,8,.579,4.36,0,0,0,128.0,130,62,16,37,123,1.305,8.6,3.32
249,Jerad Eickhoff\eickhje01,27,PHI,NL,0,1,.000,6.75,0,0,0,5.1,10,4,1,0,11,1.875,18.6,
250,Roenis Elias*\eliasro01,29,SEA,AL,3,1,.750,2.65,0,0,0,51.0,46,15,1,16,34,1.216,6.0,2.13
251,Nathan Eovaldi\eovalna01,28,TOT,AL,6,7,.462,3.81,0,0,0,111.0,105,47,14,20,101,1.126,8.2,5.05
252,Nathan Eovaldi\eovalna01,28,TBR,AL,3,4,.429,4.26,0,0,0,57.0,48,27,11,8,53,0.982,8.4,6.63
253,Nathan Eovaldi\eovalna01,28,BOS,AL,3,3,.500,3.33,0,0,0,54.0,57,20,3,12,48,1.278,8.0,4.00
254,Robbie Erlin*\erlinro01,27,SDP,NL,4,7,.364,4.21,0,0,0,109.0,112,51,12,12,88,1.138,7.3,7.33
255,Phil Ervin\ervinph01,25,CIN,NL,0,0,,0.00,0,0,0,0.1,0,0,0,0,0,0.000,0.0,
256,Marco Estrada\estrama01,34,TOR,AL,7,14,.333,5.64,0,0,0,143.2,155,90,29,50,103,1.427,6.5,2.06
257,Jeurys Familia\familje01,28,TOT,MLB,8,6,.571,3.13,0,0,18,72.0,60,25,3,28,83,1.222,10.4,2.96
258,Jeurys Familia\familje01,28,NYM,NL,4,4,.500,2.88,0,0,17,40.2,36,13,1,14,43,1.230,9.5,3.07
259,Jeurys Familia\familje01,28,OAK,AL,4,2,.667,3.45,0,0,1,31.1,24,12,2,14,40,1.213,11.5,2.86
260,Jake Faria\fariaja01,24,TBR,AL,4,4,.500,5.40,0,0,0,65.0,60,39,9,33,50,1.431,6.9,1.52
261,Buck Farmer\farmebu01,27,DET,AL,3,4,.429,4.15,0,0,0,69.1,67,32,6,41,57,1.558,7.4,1.39
262,Danny Farquhar\farquda01,31,CHW,AL,1,1,.500,5.63,0,0,0,8.0,6,5,3,0,9,0.750,10.1,
263,Luke Farrell\farrelu01,27,CHC,NL,3,4,.429,5.17,0,0,0,31.1,30,18,7,16,39,1.468,11.2,2.44
264,Erick Fedde\feddeer01,25,WSN,NL,2,4,.333,5.54,0,0,0,50.1,55,31,8,22,46,1.530,8.2,2.09
265,Michael Feliz\felizmi01,25,PIT,NL,1,2,.333,5.66,0,0,0,47.2,49,30,6,23,55,1.510,10.4,2.39
266,Caleb Ferguson*\ferguca01,21,LAD,NL,7,2,.778,3.49,0,0,2,49.0,43,19,8,12,59,1.122,10.8,4.92
267,Jose Fernandez*\fernajo04,25,TOR,AL,0,0,,6.10,0,0,0,10.1,10,7,2,4,6,1.355,5.2,1.50
268,Matt Festa\festama01,25,SEA,AL,0,0,,2.16,0,0,0,8.1,13,2,0,2,4,1.800,4.3,2.00
269,Johnny Field\fieldjo04,26,TOT,AL,0,0,,0.00,0,0,0,1.0,0,0,0,1,0,1.000,0.0,0.00
270,Johnny Field\fieldjo04,26,TBR,AL,0,0,,0.00,0,0,0,1.0,0,0,0,1,0,1.000,0.0,0.00
271,Josh Fields\fieldjo03,32,LAD,NL,2,2,.500,2.20,0,0,2,41.0,28,10,4,11,33,0.951,7.2,3.00
272,Mike Fiers\fiersmi01,33,TOT,AL,12,8,.600,3.56,0,0,0,172.0,166,68,32,37,139,1.180,7.3,3.76
273,Mike Fiers\fiersmi01,33,DET,AL,7,6,.538,3.48,0,0,0,119.0,121,46,20,26,87,1.235,6.6,3.35
274,Mike Fiers\fiersmi01,33,OAK,AL,5,2,.714,3.74,0,0,0,53.0,45,22,12,11,52,1.057,8.8,4.73
275,Heath Fillmyer\fillmhe01,24,KCR,AL,4,2,.667,4.26,0,0,0,82.1,78,39,11,32,57,1.336,6.2,1.78
276,Brandon Finnegan*\finnebr01,25,CIN,NL,0,3,.000,7.40,0,0,0,20.2,27,17,5,15,14,2.032,6.1,0.93
277,Doug Fister\fistedo01,34,TEX,AL,1,7,.125,4.50,0,0,0,66.0,73,33,11,19,40,1.394,5.5,2.11
278,Jack Flaherty\flaheja01,22,STL,NL,8,9,.471,3.34,0,0,0,151.0,108,56,20,59,182,1.106,10.8,3.08
279,Chris Flexen\flexech01,23,NYM,NL,0,2,.000,12.79,0,0,0,6.1,14,9,2,6,3,3.158,4.3,0.50
280,Pedro Florimon\floripe01,31,PHI,NL,0,0,,9.00,0,0,0,2.0,1,2,1,1,0,1.000,0.0,0.00
281,Dylan Floro\florody01,27,TOT,NL,6,3,.667,2.25,0,0,0,64.0,57,16,3,23,58,1.250,8.2,2.52
282,Dylan Floro\florody01,27,CIN,NL,3,2,.600,2.72,0,0,0,36.1,39,11,2,12,27,1.404,6.7,2.25
283,Dylan Floro\florody01,27,LAD,NL,3,1,.750,1.63,0,0,0,27.2,18,5,1,11,31,1.048,10.1,2.82
284,Brian Flynn*\flynnbr01,28,KCR,AL,3,5,.375,4.04,0,0,1,75.2,87,34,5,35,47,1.612,5.6,1.34
285,Mike Foltynewicz\foltymi01,26,ATL,NL,13,10,.565,2.85,2,1,0,183.0,130,58,17,68,202,1.082,9.9,2.97
286,Wilmer Font\fontwi01,28,TOT,MLB,2,3,.400,5.93,0,0,0,44.0,46,29,12,16,36,1.409,7.4,2.25
287,Wilmer Font\fontwi01,28,TOT,AL,2,1,.667,4.28,0,0,0,33.2,28,16,7,15,29,1.277,7.8,1.93
288,Wilmer Font\fontwi01,28,LAD,NL,0,2,.000,11.32,0,0,0,10.1,18,13,5,1,7,1.839,6.1,7.00
289,Wilmer Font\fontwi01,28,OAK,AL,0,0,,14.85,0,0,0,6.2,13,11,5,4,9,2.550,12.2,2.25
290,Wilmer Font\fontwi01,28,TBR,AL,2,1,.667,1.67,0,0,0,27.0,15,5,2,11,20,0.963,6.7,1.82
291,Caleb Frare*\frareca01,24,CHW,AL,0,1,.000,5.14,0,0,0,7.0,6,4,0,4,9,1.429,11.6,2.25
292,Kyle Freeland*\freelky01,25,COL,NL,17,7,.708,2.85,0,0,0,202.1,182,64,17,70,173,1.245,7.7,2.47
293,Sam Freeman*\freemsa01,31,ATL,NL,3,5,.375,4.29,0,0,0,50.1,41,24,3,32,58,1.450,10.4,1.81
294,Max Fried*\friedma01,24,ATL,NL,1,4,.200,2.94,0,0,0,33.2,26,11,3,20,44,1.366,11.8,2.20
295,Jace Fry*\fryja01,24,CHW,AL,2,3,.400,4.38,0,0,4,51.1,37,25,4,20,70,1.110,12.3,3.50
296,Paul Fry*\frypa01,25,BAL,AL,1,2,.333,3.35,0,0,2,37.2,33,14,1,15,36,1.274,8.6,2.40
297,Carson Fulmer\fulmeca01,24,CHW,AL,2,4,.333,8.07,0,0,0,32.1,37,29,8,24,29,1.887,8.1,1.21
298,Michael Fulmer\fulmemi01,25,DET,AL,3,12,.200,4.69,0,0,0,132.1,128,69,19,46,110,1.315,7.5,2.39
299,Drew Gagnon\gagnodr01,28,NYM,NL,2,1,.667,5.25,0,0,0,12.0,15,7,2,5,8,1.667,6.0,1.60
300,Yovani Gallardo\gallayo01,32,TOT,MLB,8,8,.500,6.39,0,0,0,94.1,107,67,14,47,58,1.633,5.5,1.23
301,Yovani Gallardo\gallayo01,32,CIN,NL,0,0,,30.86,0,0,0,2.1,8,8,1,4,2,5.143,7.7,0.50
302,Yovani Gallardo\gallayo01,32,TEX,AL,8,8,.500,5.77,0,0,0,92.0,99,59,13,43,56,1.543,5.5,1.30
303,Giovanny Gallegos\gallegi01,26,TOT,MLB,0,0,,3.97,0,0,1,11.1,11,5,2,3,12,1.235,9.5,4.00
304,Giovanny Gallegos\gallegi01,26,NYY,AL,0,0,,4.50,0,0,1,10.0,10,5,2,3,10,1.300,9.0,3.33
305,Giovanny Gallegos\gallegi01,26,STL,NL,0,0,,0.00,0,0,0,1.1,1,0,0,0,2,0.750,13.5,
306,John Gant\gantjo01,25,STL,NL,7,6,.538,3.47,0,0,0,114.0,91,44,9,57,95,1.298,7.5,1.67
307,Greg Garcia\garcigr01,28,STL,NL,0,0,,0.00,0,0,0,1.0,1,0,0,0,0,1.000,0.0,
308,Jaime Garcia*\garcija02,31,TOT,MLB,3,7,.300,5.82,0,0,0,82.0,82,53,13,44,73,1.537,8.0,1.66
309,Jaime Garcia*\garcija02,31,TOR,AL,3,6,.333,5.93,0,0,0,74.1,76,49,13,38,69,1.534,8.4,1.82
310,Jaime Garcia*\garcija02,31,CHC,NL,0,1,.000,4.70,0,0,0,7.2,6,4,0,6,4,1.565,4.7,0.67
311,Jarlin Garcia*\garcija04,25,MIA,NL,3,3,.500,4.91,0,0,0,66.0,59,36,16,28,40,1.318,5.5,1.43
312,Luis Garcia\garcilu03,31,PHI,NL,3,1,.750,6.07,0,0,1,46.0,49,31,4,18,51,1.457,10.0,2.83
313,Yimi Garcia\garciyi01,27,LAD,NL,1,2,.333,5.64,0,0,0,22.1,29,14,7,4,19,1.478,7.7,4.75
314,Nick Gardewine\gardeni01,24,TEX,AL,0,0,,3.60,0,0,0,5.0,7,2,0,0,4,1.400,7.2,
315,Amir Garrett*\garream01,26,CIN,NL,1,2,.333,4.29,0,0,0,63.0,56,30,8,25,71,1.286,10.1,2.84
316,Mitch Garver\garvemi01,27,MIN,AL,0,0,,0.00,0,0,0,1.0,1,0,0,0,0,1.000,0.0,
317,Kevin Gausman\gausmke01,27,TOT,MLB,10,11,.476,3.92,0,0,0,183.2,189,80,26,50,148,1.301,7.3,2.96
318,Kevin Gausman\gausmke01,27,BAL,AL,5,8,.385,4.43,0,0,0,124.0,139,61,21,32,104,1.379,7.5,3.25
319,Kevin Gausman\gausmke01,27,ATL,NL,5,3,.625,2.87,0,0,0,59.2,50,19,5,18,44,1.140,6.6,2.44
320,Sam Gaviglio\gavigsa01,28,TOR,AL,3,10,.231,5.31,0,0,0,123.2,140,73,21,38,105,1.439,7.6,2.76
321,Cory Gearrin\gearrco01,32,TOT,MLB,2,1,.667,3.77,0,0,1,57.1,56,24,7,21,53,1.343,8.3,2.52
322,Cory Gearrin\gearrco01,32,TOT,AL,1,0,1.000,3.29,0,0,0,27.1,23,10,2,8,22,1.134,7.2,2.75
323,Cory Gearrin\gearrco01,32,SFG,NL,1,1,.500,4.20,0,0,1,30.0,33,14,5,13,31,1.533,9.3,2.38
324,Cory Gearrin\gearrco01,32,TEX,AL,1,0,1.000,2.53,0,0,0,21.1,13,6,2,6,20,0.891,8.4,3.33
325,Cory Gearrin\gearrco01,32,OAK,AL,0,0,,6.00,0,0,0,6.0,10,4,0,2,2,2.000,3.0,1.00
326,Domingo German\germado01,25,NYY,AL,2,6,.250,5.57,0,0,0,85.2,81,53,15,33,102,1.331,10.7,3.09
327,Kyle Gibson\gibsoky01,30,MIN,AL,10,13,.435,3.62,0,0,0,196.2,177,79,23,79,179,1.302,8.2,2.27
328,Ken Giles\gileske01,27,TOT,AL,0,3,.000,4.65,0,0,26,50.1,54,26,6,7,53,1.212,9.5,7.57
329,Ken Giles\gileske01,27,HOU,AL,0,2,.000,4.99,0,0,12,30.2,36,17,2,3,31,1.272,9.1,10.33
330,Ken Giles\gileske01,27,TOR,AL,0,1,.000,4.12,0,0,14,19.2,18,9,4,4,22,1.119,10.1,5.50
331,Sean Gilmartin*\gilmase01,28,BAL,AL,1,1,.500,3.00,0,0,0,27.0,23,9,4,11,15,1.259,5.0,1.36
332,Chris Gimenez\gimench01,35,TOT,MLB,0,0,,36.00,0,0,0,2.0,8,8,3,1,2,4.500,9.0,2.00
333,Chris Gimenez\gimench01,35,CHC,NL,0,0,,27.00,0,0,0,1.0,2,3,1,1,1,3.000,9.0,1.00
334,Chris Gimenez\gimench01,35,MIN,AL,0,0,,45.00,0,0,0,1.0,6,5,2,0,1,6.000,9.0,
335,Lucas Giolito\giolilu01,23,CHW,AL,10,13,.435,6.13,0,0,0,173.1,166,118,27,90,125,1.477,6.5,1.39
336,Mychal Givens\givenmy01,28,BAL,AL,0,7,.000,3.99,0,0,9,76.2,61,34,4,30,79,1.187,9.3,2.63
337,Tyler Glasnow\glasnty01,24,TOT,MLB,2,7,.222,4.27,0,0,0,111.2,89,53,15,53,136,1.272,11.0,2.57
338,Tyler Glasnow\glasnty01,24,PIT,NL,1,2,.333,4.34,0,0,0,56.0,47,27,5,34,72,1.446,11.6,2.12
339,Tyler Glasnow\glasnty01,24,TBR,AL,1,5,.167,4.20,0,0,0,55.2,42,26,10,19,64,1.096,10.3,3.37
340,Koda Glover\gloveko01,25,WSN,NL,1,3,.250,3.31,0,0,1,16.1,13,6,1,10,9,1.408,5.0,0.90
341,Zack Godley\godleza01,28,ARI,NL,15,11,.577,4.74,0,0,0,178.1,177,94,16,81,185,1.447,9.3,2.28
342,Erik Goeddel\goedder01,29,TOT,MLB,3,0,1.000,2.95,0,0,0,36.2,26,12,4,20,44,1.255,10.8,2.20
343,Erik Goeddel\goedder01,29,SEA,AL,2,0,1.000,1.23,0,0,0,7.1,4,1,0,5,9,1.227,11.0,1.80
344,Erik Goeddel\goedder01,29,LAD,NL,1,0,1.000,3.38,0,0,0,29.1,22,11,4,15,35,1.261,10.7,2.33
345,Luiz Gohara*\goharlu01,21,ATL,NL,0,1,.000,5.95,0,0,1,19.2,16,13,3,8,18,1.220,8.2,2.25
346,Austin Gomber*\gombeau01,24,STL,NL,6,2,.750,4.44,0,0,0,75.0,81,37,7,32,67,1.507,8.0,2.09
347,Carlos Gomez\gomezca01,32,TBR,AL,0,0,,81.00,0,0,0,0.1,0,3,0,4,0,12.000,0.0,0.00
348,Jeanmar Gomez\gomezje01,30,CHW,AL,0,2,.000,4.68,0,0,0,25.0,29,13,3,10,27,1.560,9.7,2.70
349,Roberto Gomez\gomezro01,28,SFG,NL,1,0,1.000,7.71,0,0,0,9.1,20,8,0,1,8,2.250,7.7,8.00
350,Stephen Gonsalves*\gonsast01,23,MIN,AL,2,2,.500,6.57,0,0,0,24.2,28,18,2,22,16,2.027,5.8,0.73
351,Marco Gonzales*\gonzama02,26,SEA,AL,13,9,.591,4.00,1,0,0,166.2,172,74,17,32,145,1.224,7.8,4.53
352,Gio Gonzalez*\gonzagi01,32,TOT,NL,10,11,.476,4.21,0,0,0,171.0,167,80,17,80,148,1.444,7.8,1.85
353,Gio Gonzalez*\gonzagi01,32,WSN,NL,7,11,.389,4.57,0,0,0,145.2,153,74,15,70,126,1.531,7.8,1.80
354,Gio Gonzalez*\gonzagi01,32,MIL,NL,3,0,1.000,2.13,0,0,0,25.1,14,6,2,10,22,0.947,7.8,2.20
355,Merandy Gonzalez\gonzame01,22,MIA,NL,2,1,.667,5.73,0,0,0,22.0,31,14,4,8,19,1.773,7.8,2.38
356,Miguel Gonzalez\gonzami03,34,CHW,AL,0,3,.000,12.41,0,0,0,12.1,24,17,4,6,5,2.432,3.6,0.83
357,Nick Goody\goodyni01,26,CLE,AL,0,2,.000,6.94,0,0,0,11.2,15,9,4,5,12,1.714,9.3,2.40
358,Daniel Gossett\gosseda01,25,OAK,AL,0,3,.000,5.18,0,0,0,24.1,25,14,5,8,12,1.356,4.4,1.50
359,Trevor Gott\gotttr01,25,WSN,NL,0,2,.000,5.68,0,0,0,19.0,19,12,4,10,15,1.526,7.1,1.50
360,Matt Grace*\gracema02,29,WSN,NL,1,1,.500,2.87,0,0,0,59.2,55,19,5,13,48,1.140,7.2,3.69
361,Kendall Graveman\graveke01,27,OAK,AL,1,5,.167,7.60,0,0,0,34.1,44,29,9,13,27,1.660,7.1,2.08
362,Brett Graves\gravebr01,25,MIA,NL,1,1,.500,5.40,0,0,1,33.1,41,20,3,12,21,1.590,5.7,1.75
363,Jon Gray\grayjo02,26,COL,NL,12,9,.571,5.12,0,0,0,172.1,180,98,27,52,183,1.346,9.6,3.52
364,Sonny Gray\grayso01,28,NYY,AL,11,9,.550,4.90,0,0,0,130.1,138,71,14,57,123,1.496,8.5,2.16
365,Chad Green\greench03,27,NYY,AL,8,3,.727,2.50,0,0,0,75.2,64,21,9,15,94,1.044,11.2,6.27
366,Shane Greene\greensh02,29,DET,AL,4,6,.400,5.12,0,0,32,63.1,68,36,12,19,65,1.374,9.2,3.42
367,Luke Gregerson\gregelu01,34,STL,NL,0,0,,7.11,0,0,0,12.2,14,10,2,6,12,1.579,8.5,2.00
368,Zack Greinke\greinza01,34,ARI,NL,15,11,.577,3.21,0,0,0,207.2,181,74,28,43,199,1.079,8.6,4.63
369,Justin Grimm\grimmju01,29,TOT,AL,1,3,.250,10.38,0,0,0,17.1,19,20,3,14,11,1.904,5.7,0.79
370,Justin Grimm\grimmju01,29,KCR,AL,1,3,.250,13.50,0,0,0,12.2,17,19,2,14,8,2.447,5.7,0.57
371,Justin Grimm\grimmju01,29,SEA,AL,0,0,,1.93,0,0,0,4.2,2,1,1,0,3,0.429,5.8,
372,Robert Gsellman\gsellro01,24,NYM,NL,6,3,.667,4.28,0,0,13,80.0,76,38,8,28,70,1.300,7.9,2.50
373,Reymin Guduan*\guduare01,26,HOU,AL,0,0,,2.70,0,0,0,3.1,1,1,1,0,4,0.300,10.8,
374,Javy Guerra\guerrja01,32,MIA,NL,1,1,.500,5.55,0,0,1,35.2,42,22,4,12,30,1.514,7.6,2.50
375,Junior Guerra\guerrju02,33,MIL,NL,6,9,.400,4.09,0,0,0,141.0,143,64,19,55,136,1.404,8.7,2.47
376,Tayron Guerrero\guerrta01,27,MIA,NL,1,3,.250,5.43,0,0,0,58.0,64,35,8,30,68,1.621,10.6,2.27
377,Taylor Guerrieri\guerrta02,25,TOR,AL,0,0,,4.66,0,0,0,9.2,9,5,1,4,8,1.345,7.4,2.00
378,Preston Guilmet\guilmpr01,30,TOT,MLB,0,1,.000,11.70,0,0,0,10.0,18,13,6,4,8,2.200,7.2,2.00
379,Preston Guilmet\guilmpr01,30,STL,NL,0,1,.000,22.50,0,0,0,2.0,7,5,2,0,3,3.500,13.5,
380,Preston Guilmet\guilmpr01,30,TOR,AL,0,0,,9.00,0,0,0,8.0,11,8,4,4,5,1.875,5.6,1.25
381,Brandon Guyer\guyerbr01,32,CLE,AL,0,0,,0.00,0,0,0,1.0,0,0,0,0,0,0.000,0.0,
382,Jedd Gyorko\gyorkje01,29,STL,NL,0,0,,9.00,0,0,0,1.0,2,1,1,0,0,2.000,0.0,
383,Josh Hader*\haderjo01,24,MIL,NL,6,1,.857,2.43,0,0,12,81.1,36,22,9,30,143,0.811,15.8,4.77
384,David Hale\haleda02,30,TOT,AL,0,0,,4.61,0,0,0,13.2,16,7,3,5,8,1.537,5.3,1.60
385,David Hale\haleda02,30,NYY,AL,0,0,,0.00,0,0,0,2.0,3,0,0,0,3,1.500,13.5,
386,David Hale\haleda02,30,MIN,AL,0,0,,12.00,0,0,0,3.0,4,4,1,4,2,2.667,6.0,0.50
387,David Hale\haleda02,30,NYY,AL,0,0,,3.12,0,0,0,8.2,9,3,2,1,3,1.154,3.1,3.00
388,Justin Haley\haleyju01,27,BOS,AL,0,0,,4.70,0,0,0,7.2,10,4,2,3,0,1.696,0.0,0.00
389,Matt Hall*\hallma02,24,DET,AL,0,0,,14.63,0,0,0,8.0,19,13,1,3,5,2.750,5.6,1.67
390,Cole Hamels*\hamelco01,34,TOT,MLB,9,12,.429,3.78,1,0,0,190.2,176,80,29,65,188,1.264,8.9,2.89
391,Cole Hamels*\hamelco01,34,TEX,AL,5,9,.357,4.72,0,0,0,114.1,115,60,23,42,114,1.373,9.0,2.71
392,Cole Hamels*\hamelco01,34,CHC,NL,4,3,.571,2.36,1,0,0,76.1,61,20,6,23,74,1.100,8.7,3.22
393,Ian Hamilton\hamilia01,23,CHW,AL,1,2,.333,4.50,0,0,0,8.0,6,4,2,2,5,1.000,5.6,2.50
394,Jason Hammel\hammeja01,35,KCR,AL,4,14,.222,6.02,0,0,0,127.0,168,85,18,39,92,1.630,6.5,2.36
395,Justin Hancock\hancoju01,27,CHC,NL,0,0,,1.46,0,0,0,12.1,5,2,1,9,11,1.135,8.0,1.22
396,Brad Hand*\handbr01,28,TOT,MLB,2,5,.286,2.75,0,0,32,72.0,52,22,8,28,106,1.111,13.3,3.79
397,Brad Hand*\handbr01,28,SDP,NL,2,4,.333,3.05,0,0,24,44.1,33,15,5,15,65,1.083,13.2,4.33
398,Brad Hand*\handbr01,28,CLE,AL,0,1,.000,2.28,0,0,8,27.2,19,7,3,13,41,1.157,13.3,3.15
399,Eric Hanhold\hanhoer01,24,NYM,NL,0,0,,7.71,0,0,0,2.1,4,2,0,1,2,2.143,7.7,2.00
400,Ian Happ\happia01,23,CHC,NL,0,0,,0.00,0,0,0,1.0,1,0,0,0,0,1.000,0.0,
401,J.A. Happ*\happja01,35,TOT,AL,17,6,.739,3.65,0,0,0,177.2,150,72,27,51,193,1.131,9.8,3.78
402,J.A. Happ*\happja01,35,TOR,AL,10,6,.625,4.18,0,0,0,114.0,99,53,17,35,130,1.175,10.3,3.71
403,J.A. Happ*\happja01,35,NYY,AL,7,0,1.000,2.69,0,0,0,63.2,51,19,10,16,63,1.052,8.9,3.94
404,Blaine Hardy*\hardybl01,31,DET,AL,4,5,.444,3.56,0,0,1,86.0,79,34,10,22,66,1.174,6.9,3.00
405,Will Harris\harriwi10,33,HOU,AL,5,3,.625,3.49,0,0,0,56.2,48,22,3,14,64,1.094,10.2,4.57
406,Donnie Hart*\hartdo01,27,BAL,AL,0,0,,5.59,0,0,0,19.1,31,12,2,12,13,2.224,6.1,1.08
407,Matt Harvey\harvema01,29,TOT,NL,7,9,.438,4.94,0,0,0,155.0,165,85,27,37,131,1.303,7.6,3.54
408,Matt Harvey\harvema01,29,NYM,NL,0,2,.000,7.00,0,0,0,27.0,33,21,6,9,20,1.556,6.7,2.22
409,Matt Harvey\harvema01,29,CIN,NL,7,7,.500,4.50,0,0,0,128.0,132,64,21,28,111,1.250,7.8,3.96
410,Chris Hatcher\hatchch02,33,OAK,AL,3,3,.500,4.95,0,0,0,36.1,43,20,7,17,30,1.651,7.4,1.76
411,Mike Hauschild\hauscmi01,28,TOR,AL,1,1,.500,4.32,0,0,0,8.1,7,4,0,4,5,1.320,5.4,1.25
412,Andrew Heaney*\heanean01,27,LAA,AL,9,10,.474,4.15,1,1,0,180.0,171,83,27,45,180,1.200,9.0,4.00
413,Jeremy Hellickson\hellije01,31,WSN,NL,5,3,.625,3.45,0,0,0,91.1,78,35,11,20,65,1.073,6.4,3.25
414,Heath Hembree\hembrhe01,29,BOS,AL,4,1,.800,4.20,0,0,0,60.0,53,28,10,27,76,1.333,11.4,2.81
415,Kyle Hendricks\hendrky01,28,CHC,NL,14,11,.560,3.44,0,0,0,199.0,184,76,22,44,161,1.146,7.3,3.66
416,Liam Hendriks\hendrli01,29,OAK,AL,0,1,.000,4.13,0,0,0,24.0,25,11,3,10,22,1.458,8.3,2.20
417,David Hernandez\hernada01,33,CIN,NL,5,2,.714,2.53,0,0,0,64.0,46,18,6,17,65,0.984,9.1,3.82
418,Elieser Hernandez\hernael01,23,MIA,NL,2,7,.222,5.21,0,0,0,65.2,68,38,11,27,45,1.447,6.2,1.67
419,Enrique Hernandez\hernaen02,26,LAD,NL,0,1,.000,81.00,0,0,0,0.1,1,3,1,2,0,9.000,0.0,0.00
420,Felix Hernandez\hernafe02,32,SEA,AL,8,14,.364,5.55,0,0,0,155.2,159,96,27,59,125,1.400,7.2,2.12
421,Kelvin Herrera\herreke01,28,TOT,MLB,2,3,.400,2.44,0,0,17,44.1,43,12,6,10,38,1.195,7.7,3.80
422,Kelvin Herrera\herreke01,28,KCR,AL,1,1,.500,1.05,0,0,14,25.2,19,3,2,2,22,0.818,7.7,11.00
423,Kelvin Herrera\herreke01,28,WSN,NL,1,2,.333,4.34,0,0,3,18.2,24,9,4,8,16,1.714,7.7,2.00
424,David Hess\hessda01,24,BAL,AL,3,10,.231,4.88,0,0,0,103.1,106,56,22,37,74,1.384,6.4,2.00
425,Jordan Hicks\hicksjo03,21,STL,NL,3,4,.429,3.59,0,0,6,77.2,59,31,2,45,70,1.339,8.1,1.56
426,Trevor Hildenberger\hildetr01,27,MIN,AL,4,6,.400,5.42,0,0,7,73.0,75,44,12,26,70,1.384,8.6,2.69
427,Rich Hill*\hillri01,38,LAD,NL,11,5,.688,3.66,0,0,0,132.2,108,54,20,41,150,1.123,10.2,3.66
428,Tim Hill*\hillti01,28,KCR,AL,1,4,.200,4.53,0,0,2,45.2,46,23,4,14,42,1.314,8.3,3.00
429,Yoshihisa Hirano\hiranyo01,34,ARI,NL,4,3,.571,2.44,0,0,3,66.1,49,18,6,23,59,1.085,8.0,2.57
430,Jeff Hoffman\hoffmje02,25,COL,NL,0,0,,9.35,0,0,0,8.2,15,9,0,7,5,2.538,5.2,0.71
431,Bryan Holaday\holadbr01,30,MIA,NL,0,0,,13.50,0,0,0,2.0,4,3,1,0,1,2.000,4.5,
432,Jonathan Holder\holdejo02,25,NYY,AL,1,3,.250,3.14,0,0,0,66.0,53,23,4,19,60,1.091,8.2,3.16
433,Derek Holland*\hollade01,31,SFG,NL,7,9,.438,3.57,0,0,0,171.1,154,68,19,67,169,1.290,8.9,2.52
434,Greg Holland\hollagr01,32,TOT,NL,2,2,.500,4.66,0,0,3,46.1,43,24,2,32,47,1.619,9.1,1.47
435,Greg Holland\hollagr01,32,STL,NL,0,2,.000,7.92,0,0,0,25.0,34,22,1,22,22,2.240,7.9,1.00
436,Greg Holland\hollagr01,32,WSN,NL,2,0,1.000,0.84,0,0,3,21.1,9,2,1,10,25,0.891,10.5,2.50
437,Clay Holmes\holmecl01,25,PIT,NL,1,3,.250,6.84,0,0,0,26.1,30,20,2,23,21,2.013,7.2,0.91
438,J.J. Hoover\hoovejj01,30,MIL,NL,0,1,.000,20.25,0,0,0,1.1,4,3,1,2,0,4.500,0.0,0.00
439,Adrian Houser\housead01,25,MIL,NL,0,0,,3.29,0,0,0,13.2,13,5,0,7,8,1.463,5.3,1.14
440,Sam Howard*\howarsa01,25,COL,NL,0,0,,2.25,0,0,0,4.0,5,1,0,3,1,2.000,2.3,0.33
441,James Hoyt\hoytja01,31,HOU,AL,0,0,,0.00,0,0,0,0.1,1,0,0,1,0,6.000,0.0,0.00
442,Chih-Wei Hu\huch02,24,TBR,AL,0,0,,4.15,0,0,0,13.0,7,6,2,3,12,0.769,8.3,4.00
443,Dakota Hudson\hudsoda02,23,STL,NL,4,1,.800,2.63,0,0,0,27.1,19,8,0,18,19,1.354,6.3,1.06
444,Daniel Hudson\hudsoda01,31,LAD,NL,3,2,.600,4.11,0,0,0,46.0,38,21,6,18,44,1.217,8.6,2.44
445,Jared Hughes\hugheja02,32,CIN,NL,4,3,.571,1.94,0,0,7,78.2,57,17,4,23,59,1.017,6.8,2.57
446,Phil Hughes\hugheph01,32,TOT,MLB,0,0,,6.34,0,0,0,32.2,44,23,11,10,32,1.653,8.8,3.20
447,Phil Hughes\hugheph01,32,MIN,AL,0,0,,6.75,0,0,0,12.0,14,9,4,5,8,1.583,6.0,1.60
448,Phil Hughes\hugheph01,32,SDP,NL,0,0,,6.10,0,0,0,20.2,30,14,7,5,24,1.694,10.5,4.80
449,Tommy Hunter\hunteto02,31,PHI,NL,5,4,.556,3.80,0,0,4,64.0,65,27,6,15,51,1.250,7.2,3.40
450,Drew Hutchison\hutchdr01,27,TOT,MLB,2,2,.500,6.75,0,0,0,42.2,50,32,9,26,31,1.781,6.5,1.19
451,Drew Hutchison\hutchdr01,27,PHI,NL,1,1,.500,4.64,0,0,0,21.1,21,11,4,13,19,1.594,8.0,1.46
452,Drew Hutchison\hutchdr01,27,TEX,AL,1,1,.500,8.86,0,0,0,21.1,29,21,5,13,12,1.969,5.1,0.92
453,Raisel Iglesias\iglesra01,28,CIN,NL,2,5,.286,2.38,0,0,30,72.0,52,19,12,25,80,1.069,10.0,3.20
454,Gregory Infante\infangr01,30,CHW,AL,1,1,.500,8.00,0,0,0,9.0,12,8,0,8,6,2.222,6.0,0.75
455,Edwin Jackson\jacksed01,34,OAK,AL,6,3,.667,3.33,0,0,0,92.0,75,34,12,37,68,1.217,6.7,1.84
456,Luke Jackson\jackslu01,26,ATL,NL,1,2,.333,4.43,0,0,1,40.2,41,20,3,21,46,1.525,10.2,2.19
457,Josh James\jamesjo02,25,HOU,AL,2,0,1.000,2.35,0,0,0,23.0,15,6,3,7,29,0.957,11.3,4.14
458,Kenley Jansen\janseke01,30,LAD,NL,1,5,.167,3.01,0,0,38,71.2,54,24,13,17,82,0.991,10.3,4.82
459,Jeremy Jeffress\jeffrje01,30,MIL,NL,8,1,.889,1.29,0,0,15,76.2,49,11,5,27,89,0.991,10.4,3.30
460,Dan Jennings*\jennida01,31,MIL,NL,4,5,.444,3.22,0,0,1,64.1,66,23,6,23,45,1.383,6.3,1.96
461,Kevin Jepsen\jepseke01,33,TEX,AL,0,3,.000,5.94,0,0,0,16.2,15,11,4,11,8,1.560,4.3,0.73
462,Williams Jerez*\jerezwi01,26,LAA,AL,0,0,,6.00,0,0,0,15.0,17,10,3,8,15,1.667,9.0,1.88
463,Jake Jewell\jewelja01,25,LAA,AL,0,1,.000,9.00,0,0,0,2.0,2,2,0,1,1,1.500,4.5,1.00
464,Joe Jimenez\jimenjo02,23,DET,AL,5,4,.556,4.31,0,0,3,62.2,53,30,5,22,78,1.197,11.2,3.55
465,Brian Johnson*\johnsbr02,27,BOS,AL,4,5,.444,4.17,0,0,0,99.1,104,46,16,38,87,1.430,7.9,2.29
466,DJ Johnson\johnsdj01,28,COL,NL,1,0,1.000,4.26,0,0,0,6.1,6,3,0,2,9,1.263,12.8,4.50
467,Jim Johnson\johnsji04,35,LAA,AL,5,3,.625,3.84,0,0,2,63.1,64,27,9,22,45,1.358,6.4,2.05
468,Pierce Johnson\johnspi01,27,SFG,NL,3,2,.600,5.56,0,0,0,43.2,38,27,5,22,36,1.374,7.4,1.64
469,Nate Jones\jonesna01,32,CHW,AL,2,2,.500,3.00,0,0,5,30.0,28,10,4,15,32,1.433,9.6,2.13
470,Jakob Junis\junisja01,25,KCR,AL,9,12,.429,4.37,1,0,0,177.0,182,86,32,43,164,1.271,8.3,3.81
471,Ariel Jurado\juradar01,22,TEX,AL,5,5,.500,5.93,0,0,0,54.2,66,36,7,18,22,1.537,3.6,1.22
472,Tommy Kahnle\kahnlto01,28,NYY,AL,2,0,1.000,6.56,0,0,1,23.1,23,17,3,15,30,1.629,11.6,2.00
473,Keone Kela\kelake01,25,TOT,MLB,3,4,.429,3.29,0,0,24,52.0,38,19,5,19,66,1.096,11.4,3.47
474,Keone Kela\kelake01,25,TEX,AL,3,3,.500,3.44,0,0,24,36.2,28,14,3,14,44,1.145,10.8,3.14
475,Keone Kela\kelake01,25,PIT,NL,0,1,.000,2.93,0,0,0,15.1,10,5,2,5,22,0.978,12.9,4.40
476,Brad Keller\kellebr01,22,KCR,AL,9,6,.600,3.08,1,0,0,140.1,133,48,7,50,96,1.304,6.2,1.92
477,Shawn Kelley\kellesh01,34,TOT,MLB,2,0,1.000,2.94,0,0,0,49.0,33,16,7,11,50,0.898,9.2,4.55
478,Shawn Kelley\kellesh01,34,WSN,NL,1,0,1.000,3.34,0,0,0,32.1,26,12,7,5,32,0.959,8.9,6.40
479,Shawn Kelley\kellesh01,34,OAK,AL,1,0,1.000,2.16,0,0,0,16.2,7,4,0,6,18,0.780,9.7,3.00
480,Casey Kelly\kellyca01,28,SFG,NL,0,3,.000,3.04,0,0,0,23.2,28,8,3,5,16,1.394,6.1,3.20
481,Joe Kelly\kellyjo05,30,BOS,AL,4,2,.667,4.39,0,0,2,65.2,57,32,4,32,68,1.355,9.3,2.13
482,Brett Kennedy\kennebr02,23,SDP,NL,1,2,.333,6.75,0,0,0,26.2,36,20,6,12,18,1.800,6.1,1.50
483,Ian Kennedy\kenneia01,33,KCR,AL,3,9,.250,4.66,0,0,0,119.2,125,62,20,40,105,1.379,7.9,2.63
484,Clayton Kershaw*\kershcl01,30,LAD,NL,9,5,.643,2.73,0,0,0,161.1,139,49,17,29,155,1.041,8.6,5.34
485,Dallas Keuchel*\keuchda01,30,HOU,AL,12,11,.522,3.74,1,0,0,204.2,211,85,18,58,153,1.314,6.7,2.64
486,Dean Kiekhefer*\kiekhde01,29,OAK,AL,0,0,,18.00,0,0,0,2.0,7,4,1,1,1,4.000,4.5,1.00
487,Craig Kimbrel\kimbrcr01,30,BOS,AL,5,1,.833,2.74,0,0,42,62.1,31,19,7,31,96,0.995,13.9,3.10
488,Scott Kingery\kingesc01,24,PHI,NL,0,0,,13.50,0,0,0,1.1,4,2,0,0,0,3.000,0.0,
489,Nick Kingham\kinghni01,26,PIT,NL,5,7,.417,5.21,0,0,0,76.0,79,44,18,26,69,1.382,8.2,2.65
490,Tyler Kinley\kinlety01,27,TOT,MLB,0,0,,12.27,0,0,0,11.0,15,15,2,8,13,2.091,10.6,1.63
491,Tyler Kinley\kinlety01,27,MIN,AL,0,0,,24.30,0,0,0,3.1,9,9,2,4,4,3.900,10.8,1.00
492,Tyler Kinley\kinlety01,27,MIA,NL,0,0,,7.04,0,0,0,7.2,6,6,0,4,9,1.304,10.6,2.25
493,Brandon Kintzler\kintzbr01,33,TOT,NL,3,3,.500,4.60,0,0,2,60.2,67,31,5,22,43,1.467,6.4,1.95
494,Brandon Kintzler\kintzbr01,33,WSN,NL,1,2,.333,3.59,0,0,2,42.2,40,17,2,13,31,1.242,6.5,2.38
495,Brandon Kintzler\kintzbr01,33,CHC,NL,2,1,.667,7.00,0,0,0,18.0,27,14,3,9,12,2.000,6.0,1.33
496,Andrew Kittredge\kittran01,28,TBR,AL,3,2,.600,7.75,0,0,0,38.1,54,33,7,17,30,1.852,7.0,1.76
497,Corey Kluber\klubeco01,32,CLE,AL,20,7,.741,2.89,2,1,0,215.0,179,69,25,34,222,0.991,9.3,6.53
498,Corey Knebel\knebeco01,26,MIL,NL,4,3,.571,3.58,0,0,16,55.1,38,22,7,22,88,1.084,14.3,4.00
499,Matt Koch\kochma01,27,ARI,NL,5,5,.500,4.15,0,0,0,86.2,88,40,19,22,50,1.269,5.2,2.27
500,Adam Kolarek*\kolarad01,29,TBR,AL,1,0,1.000,3.93,0,0,2,34.1,38,15,0,5,19,1.252,5.0,3.80
501,George Kontos\kontoge01,33,TOT,MLB,2,3,.400,4.39,0,0,1,26.2,27,13,5,7,15,1.275,5.1,2.14
502,George Kontos\kontoge01,33,TOT,AL,0,0,,2.57,0,0,0,7.0,4,2,1,2,6,0.857,7.7,3.00
503,George Kontos\kontoge01,33,PIT,NL,2,3,.400,5.03,0,0,1,19.2,23,11,4,5,9,1.424,4.1,1.80
504,George Kontos\kontoge01,33,CLE,AL,0,0,,3.38,0,0,0,5.1,3,2,1,2,4,0.938,6.8,2.00
505,George Kontos\kontoge01,33,NYY,AL,0,0,,0.00,0,0,0,1.2,1,0,0,0,2,0.600,10.8,
506,Michael Kopech\kopecmi01,22,CHW,AL,1,1,.500,5.02,0,0,0,14.1,20,8,4,2,15,1.535,9.4,7.50
507,Erik Kratz\kratzer01,38,MIL,NL,0,0,,3.00,0,0,0,3.0,3,1,0,1,2,1.333,6.0,2.00
508,Joey Krehbiel\krehbjo01,25,ARI,NL,0,0,,0.00,0,0,0,3.0,1,0,0,2,0,1.000,0.0,0.00
509,Ian Krol*\krolia01,27,LAA,AL,0,0,,0.00,0,0,0,2.0,1,0,0,1,2,1.000,9.0,2.00
510,Chad Kuhl\kuhlch01,25,PIT,NL,5,5,.500,4.55,0,0,0,85.0,89,43,14,33,81,1.435,8.6,2.45
511,Tommy La Stella\lasteto01,29,CHC,NL,0,0,,6.75,0,0,0,1.1,3,1,1,0,0,2.250,0.0,
512,Ryan LaMarre*\lamarry01,29,TOT,AL,0,0,,13.50,0,0,0,0.2,1,1,1,0,0,1.500,0.0,
513,Ryan LaMarre*\lamarry01,29,MIN,AL,0,0,,13.50,0,0,0,0.2,1,1,1,0,0,1.500,0.0,
514,John Lamb*\lambjo02,27,LAA,AL,0,1,.000,7.20,0,0,0,10.0,15,8,4,4,11,1.900,9.9,2.75
515,Eric Lauer*\lauerer01,23,SDP,NL,6,7,.462,4.34,0,0,0,112.0,127,54,15,46,100,1.545,8.0,2.17
516,Derek Law\lawde01,27,SFG,NL,1,0,1.000,7.43,0,0,0,13.1,16,11,2,8,12,1.800,8.1,1.50
517,Casey Lawrence\lawreca01,30,SEA,AL,1,0,1.000,7.33,0,0,0,23.1,28,19,2,10,14,1.629,5.4,1.40
518,Mike Leake\leakemi01,30,SEA,AL,10,10,.500,4.36,0,0,0,185.2,207,90,23,34,119,1.298,5.8,3.50
519,Wade LeBlanc*\leblawa01,33,SEA,AL,9,5,.643,3.72,0,0,0,162.0,151,67,24,40,130,1.179,7.2,3.25
520,Jose Leclerc\leclejo01,24,TEX,AL,2,3,.400,1.56,0,0,12,57.2,24,10,1,25,85,0.850,13.3,3.40
521,Mark Leiter Jr.\leitema02,27,TOT,MLB,0,1,.000,7.71,0,0,0,23.1,35,20,7,12,22,2.014,8.5,1.83
522,Mark Leiter Jr.\leitema02,27,PHI,NL,0,1,.000,5.40,0,0,0,16.2,22,10,5,8,13,1.800,7.0,1.63
523,Mark Leiter Jr.\leitema02,27,TOR,AL,0,0,,13.50,0,0,0,6.2,13,10,2,4,9,2.550,12.2,2.25
524,Dominic Leone\leonedo01,26,STL,NL,1,2,.333,4.50,0,0,0,24.0,27,12,3,8,26,1.458,9.8,3.25
525,Jon Lester*\lestejo01,34,CHC,NL,18,6,.750,3.32,0,0,0,181.2,174,67,24,64,149,1.310,7.4,2.33
526,Artie Lewicki\lewicar01,26,DET,AL,0,2,.000,4.89,0,0,0,38.2,48,21,4,14,30,1.603,7.0,2.14
527,Adam Liberatore*\liberad01,31,LAD,NL,2,1,.667,2.77,0,0,0,13.0,10,4,1,8,12,1.385,8.3,1.50
528,Francisco Liriano*\liriafr01,34,DET,AL,5,12,.294,4.58,0,0,0,133.2,127,68,19,73,110,1.496,7.4,1.51
529,Zack Littell\litteza01,22,MIN,AL,0,2,.000,6.20,0,0,0,20.1,25,14,3,11,14,1.770,6.2,1.27
530,Ben Lively\livelbe01,26,TOT,MLB,0,3,.000,5.64,0,0,0,30.1,41,19,4,15,27,1.846,8.0,1.80
531,Ben Lively\livelbe01,26,PHI,NL,0,2,.000,6.85,0,0,0,23.2,34,18,4,10,22,1.859,8.4,2.20
532,Ben Lively\livelbe01,26,KCR,AL,0,1,.000,1.35,0,0,0,6.2,7,1,0,5,5,1.800,6.8,1.00
533,Jonathan Loaisiga\loaisjo01,23,NYY,AL,2,0,1.000,5.11,0,0,0,24.2,26,14,3,12,33,1.541,12.0,2.75
534,Walker Lockett\lockewa01,24,SDP,NL,0,3,.000,9.60,0,0,0,15.0,22,16,4,10,12,2.133,7.2,1.20
535,Boone Logan*\loganbo02,33,MIL,NL,1,0,1.000,5.91,0,0,0,10.2,15,7,3,10,14,2.344,11.8,1.40
536,Jorge Lopez\lopezjo02,25,TOT,MLB,2,5,.286,5.03,0,0,0,53.2,57,30,6,22,38,1.472,6.4,1.73
537,Jorge Lopez\lopezjo02,25,MIL,NL,0,1,.000,2.75,0,0,0,19.2,16,6,1,13,15,1.475,6.9,1.15
538,Jorge Lopez\lopezjo02,25,KCR,AL,2,4,.333,6.35,0,0,0,34.0,41,24,5,9,23,1.471,6.1,2.56
539,Pablo Lopez\lopezpa01,22,MIA,NL,2,4,.333,4.14,0,0,0,58.2,56,27,8,18,46,1.261,7.1,2.56
540,Reynaldo Lopez\lopezre01,24,CHW,AL,7,10,.412,3.91,0,0,0,188.2,165,82,25,75,151,1.272,7.2,2.01
541,Yoan Lopez\lopezyo01,25,ARI,NL,0,0,,3.00,0,0,0,9.0,7,3,2,1,11,0.889,11.0,11.00
542,Michael Lorenzen\lorenmi01,26,CIN,NL,4,2,.667,3.11,0,0,1,81.0,78,28,6,34,54,1.383,6.0,1.59
543,Aaron Loup*\loupaa01,30,TOT,MLB,0,0,,4.54,0,0,0,39.2,48,20,4,14,44,1.563,10.0,3.14
544,Aaron Loup*\loupaa01,30,TOR,AL,0,0,,4.54,0,0,0,35.2,44,18,4,13,42,1.598,10.6,3.23
545,Aaron Loup*\loupaa01,30,PHI,NL,0,0,,4.50,0,0,0,4.0,4,2,0,1,2,1.250,4.5,2.00
546,Josh Lucas\lucasjo02,27,OAK,AL,0,0,,6.28,0,0,0,14.1,16,10,1,9,14,1.744,8.8,1.56
547,Joey Lucchesi*\lucchjo01,25,SDP,NL,8,9,.471,4.08,0,0,0,130.0,125,59,23,43,145,1.292,10.0,3.37
548,Seth Lugo\lugose01,28,NYM,NL,3,4,.429,2.66,0,0,3,101.1,81,30,9,28,103,1.076,9.1,3.68
549,Jordan Lyles\lylesjo01,27,TOT,NL,3,4,.429,4.11,0,0,0,87.2,83,40,12,28,84,1.266,8.6,3.00
550,Jordan Lyles\lylesjo01,27,SDP,NL,2,4,.333,4.29,0,0,0,71.1,71,34,12,19,62,1.262,7.8,3.26
551,Jordan Lyles\lylesjo01,27,MIL,NL,1,0,1.000,3.31,0,0,0,16.1,12,6,0,9,22,1.286,12.1,2.44
552,Lance Lynn\lynnla01,31,TOT,AL,10,10,.500,4.77,0,0,0,156.2,163,83,14,76,161,1.526,9.2,2.12
553,Lance Lynn\lynnla01,31,MIN,AL,7,8,.467,5.10,0,0,0,102.1,105,58,12,62,100,1.632,8.8,1.61
554,Lance Lynn\lynnla01,31,NYY,AL,3,2,.600,4.14,0,0,0,54.1,58,25,2,14,61,1.325,10.1,4.36
555,Tyler Lyons*\lyonsty01,30,STL,NL,1,0,1.000,8.64,0,0,0,16.2,24,16,3,8,19,1.920,10.3,2.38
556,Ryan Madson\madsory01,37,TOT,NL,2,5,.286,5.47,0,0,4,52.2,58,32,7,16,54,1.405,9.2,3.38
557,Ryan Madson\madsory01,37,WSN,NL,2,5,.286,5.28,0,0,4,44.1,48,26,6,15,41,1.421,8.3,2.73
558,Ryan Madson\madsory01,37,LAD,NL,0,0,,6.48,0,0,0,8.1,10,6,1,1,13,1.320,14.0,13.00
559,Kenta Maeda\maedake01,30,LAD,NL,8,10,.444,3.81,0,0,2,125.1,115,53,13,43,153,1.261,11.0,3.56
560,Matt Magill\magilma01,28,MIN,AL,3,3,.500,3.81,0,0,0,56.2,58,24,11,23,56,1.429,8.9,2.43
561,Tyler Mahle\mahlety01,23,CIN,NL,7,9,.438,4.98,0,0,0,112.0,125,62,22,53,110,1.589,8.8,2.08
562,Kazuhisa Makita\makitka01,33,SDP,NL,0,1,.000,5.40,0,0,0,35.0,32,21,7,12,37,1.257,9.5,3.08
563,Sean Manaea*\manaese01,26,OAK,AL,12,9,.571,3.59,1,1,0,160.2,141,64,21,32,108,1.077,6.0,3.38
564,Brandon Mann*\mannbr01,34,TEX,AL,0,0,,5.40,0,0,0,8.1,7,5,1,4,3,1.320,3.2,0.75
565,Dillon Maples\mapledi01,26,CHC,NL,1,0,1.000,11.81,0,0,0,5.1,7,7,2,5,9,2.250,15.2,1.80
566,Jhan Marinez\marinjh01,29,BAL,AL,0,0,,5.63,0,0,0,8.0,9,5,1,9,3,2.250,3.4,0.33
567,German Marquez\marquge01,23,COL,NL,14,11,.560,3.77,0,0,0,196.0,179,82,24,57,230,1.204,10.6,4.04
568,Evan Marshall\marshev01,28,CLE,AL,0,0,,7.71,0,0,0,7.0,12,6,0,4,9,2.286,11.6,2.25
569,Chris Martin\martich02,32,TEX,AL,1,5,.167,4.54,0,0,0,41.2,46,21,5,5,37,1.224,8.0,7.40
570,Carlos Martinez\martica04,26,STL,NL,8,6,.571,3.11,0,0,5,118.2,100,41,5,60,117,1.348,8.9,1.95
571,Jeff Mathis\mathije01,35,ARI,NL,0,1,.000,9.00,0,0,0,1.0,1,1,1,0,1,1.000,9.0,
572,Phil Maton\matonph01,25,SDP,NL,0,2,.000,4.37,0,0,0,47.1,50,23,3,23,55,1.542,10.5,2.39
573,Steven Matz*\matzst01,27,NYM,NL,5,11,.313,3.97,0,0,0,154.0,134,68,25,58,152,1.247,8.9,2.62
574,Brandon Maurer\maurebr01,27,KCR,AL,0,4,.000,7.76,0,0,1,31.1,42,27,7,25,31,2.138,8.9,1.24
575,Trevor May\maytr01,28,MIN,AL,4,1,.800,3.20,0,0,3,25.1,21,9,4,5,36,1.026,12.8,7.20
576,Mike Mayers\mayermi01,26,STL,NL,2,1,.667,4.70,0,0,1,51.2,59,27,7,15,49,1.432,8.5,3.27
577,Tim Mayza*\mayzati01,26,TOR,AL,2,0,1.000,3.28,0,0,0,35.2,33,13,3,14,40,1.318,10.1,2.86
578,Cory Mazzoni\mazzoco01,28,CHC,NL,1,0,1.000,1.04,0,0,0,8.2,5,1,0,5,7,1.154,7.3,1.40
579,Zach McAllister\mcallza01,30,TOT,AL,1,2,.333,6.20,0,0,0,45.0,57,31,8,10,39,1.489,7.8,3.90
580,Zach McAllister\mcallza01,30,CLE,AL,1,2,.333,4.97,0,0,0,41.2,47,23,7,10,34,1.368,7.3,3.40
581,Zach McAllister\mcallza01,30,DET,AL,0,0,,21.60,0,0,0,3.1,10,8,1,0,5,3.000,13.5,
582,Brandon McCarthy\mccarbr01,34,ATL,NL,6,3,.667,4.92,0,0,0,78.2,94,43,15,21,65,1.462,7.4,3.10
583,Kevin McCarthy\mccarke01,26,KCR,AL,5,4,.556,3.25,0,0,0,72.0,70,26,7,20,46,1.250,5.8,2.30
584,Adam McCreery*\mccread01,25,ATL,NL,0,0,,18.00,0,0,0,1.0,4,2,0,0,2,4.000,18.0,
585,Lance McCullers Jr.\mcculla02,24,HOU,AL,10,6,.625,3.86,0,0,0,128.1,100,55,12,50,142,1.169,10.0,2.84
586,T.J. McFarland*\mcfartj01,29,ARI,NL,2,2,.500,2.00,0,0,1,72.0,64,16,4,22,42,1.194,5.3,1.91
587,Jake McGee*\mcgeeja01,31,COL,NL,2,4,.333,6.49,0,0,1,51.1,59,37,10,16,47,1.461,8.2,2.94
588,Kyle McGowin\mcgowky01,26,WSN,NL,0,0,,5.87,0,0,0,7.2,6,5,2,5,8,1.435,9.4,1.60
589,Kyle McGrath*\mcgraky01,25,SDP,NL,0,0,,4.50,0,0,0,4.0,3,2,2,3,4,1.500,9.0,1.33
590,Deck McGuire\mcguide02,29,TOT,AL,0,2,.000,6.16,0,0,0,38.0,38,26,9,26,33,1.684,7.8,1.27
591,Deck McGuire\mcguide02,29,TOR,AL,0,0,,6.48,0,0,0,8.1,9,6,2,5,7,1.680,7.6,1.40
592,Deck McGuire\mcguide02,29,LAA,AL,0,2,.000,6.07,0,0,0,29.2,29,20,7,21,26,1.685,7.9,1.24
593,Collin McHugh\mchugco01,31,HOU,AL,6,2,.750,1.99,0,0,0,72.1,45,16,6,21,94,0.912,11.7,4.48
594,Alex McRae\mcraeal01,25,PIT,NL,0,1,.000,5.68,0,0,0,6.1,8,4,0,5,5,2.053,7.1,1.00
595,John Means*\meansjo01,25,BAL,AL,0,0,,13.50,0,0,0,3.1,6,5,1,0,4,1.800,10.8,
596,Kris Medlen\medlekr01,32,ARI,NL,0,1,.000,15.75,0,0,0,4.0,9,7,0,4,4,3.250,9.0,1.00
597,Ryan Meisinger\meisiry01,24,BAL,AL,2,1,.667,6.43,0,0,0,21.0,18,15,6,10,21,1.333,9.0,2.10
598,Adalberto Mejia*\mejiaad01,25,MIN,AL,2,0,1.000,2.01,0,0,0,22.1,17,5,1,9,13,1.164,5.2,1.44
599,Mark Melancon\melanma01,33,SFG,NL,1,4,.200,3.23,0,0,3,39.0,48,14,2,14,31,1.590,7.2,2.21
600,Keury Mella\mellake01,24,CIN,NL,0,0,,8.68,0,0,0,9.1,13,9,4,8,8,2.250,7.7,1.00
601,Yohander Mendez*\mendeyo01,23,TEX,AL,2,2,.500,5.53,0,0,0,27.2,28,17,4,15,18,1.554,5.9,1.20
602,Daniel Mengden\mengdda01,25,OAK,AL,7,6,.538,4.05,1,1,0,115.2,103,52,18,26,72,1.115,5.6,2.77
603,Ben Meyer\meyerbe02,25,MIA,NL,0,0,,10.42,0,0,0,19.0,26,22,2,14,9,2.105,4.3,0.64
604,Keynan Middleton\middlke01,24,LAA,AL,0,0,,2.04,0,0,6,17.2,14,4,1,9,16,1.302,8.2,1.78
605,Miles Mikolas\mikolmi01,29,STL,NL,18,4,.818,2.83,1,1,0,200.2,186,63,16,29,146,1.071,6.5,5.03
606,Wade Miley*\mileywa01,31,MIL,NL,5,2,.714,2.57,0,0,0,80.2,71,23,3,27,50,1.215,5.6,1.85
607,Andrew Miller*\millean01,33,CLE,AL,2,4,.333,4.24,0,0,2,34.0,31,16,3,16,45,1.382,11.9,2.81
608,Justin Miller\milleju02,31,WSN,NL,7,1,.875,3.61,0,0,2,52.1,42,21,10,17,60,1.127,10.3,3.53
609,Shelby Miller\millesh01,27,ARI,NL,0,4,.000,10.69,0,0,0,16.0,24,19,5,8,19,2.000,10.7,2.38
610,Alec Mills\millsal02,26,CHC,NL,0,1,.000,4.00,0,0,0,18.0,11,8,1,7,23,1.000,11.5,3.29
611,Hoby Milner*\milneho01,27,TOT,MLB,0,0,,7.36,0,0,0,7.1,9,6,3,5,8,1.909,9.8,1.60
612,Hoby Milner*\milneho01,27,PHI,NL,0,0,,7.71,0,0,0,4.2,6,4,1,3,4,1.929,7.7,1.33
613,Hoby Milner*\milneho01,27,TBR,AL,0,0,,6.75,0,0,0,2.2,3,2,2,2,4,1.875,13.5,2.00
614,Tommy Milone*\milonto01,31,WSN,NL,1,1,.500,5.81,0,0,0,26.1,37,17,7,1,23,1.443,7.9,23.00
615,Juan Minaya\minayju01,27,CHW,AL,2,2,.500,3.28,0,0,1,46.2,39,17,3,29,58,1.457,11.2,2.00
616,Mike Minor*\minormi01,30,TEX,AL,12,8,.600,4.18,0,0,0,157.0,138,73,25,38,132,1.121,7.6,3.47
617,A.J. Minter*\minteaj01,24,ATL,NL,4,3,.571,3.23,0,0,15,61.1,57,22,3,22,69,1.288,10.1,3.14
618,Ariel Miranda*\miranar01,29,SEA,AL,0,0,,1.80,0,0,0,5.0,6,1,0,4,5,2.000,9.0,1.25
619,Bryan Mitchell\mitchbr01,27,SDP,NL,2,4,.333,5.42,0,0,0,73.0,85,44,12,43,38,1.753,4.7,0.88
620,Frankie Montas\montafr02,25,OAK,AL,5,4,.556,3.88,0,0,0,65.0,74,28,5,21,43,1.462,6.0,2.05
621,Jordan Montgomery*\montgjo01,25,NYY,AL,2,0,1.000,3.62,0,0,0,27.1,25,11,3,12,23,1.354,7.6,1.92
622,Mike Montgomery*\montgmi01,28,CHC,NL,5,6,.455,3.99,0,0,0,124.0,131,55,10,39,86,1.371,6.2,2.21
623,Matt Moore*\moorema02,29,TEX,AL,3,8,.273,6.79,0,0,0,102.0,128,77,19,41,86,1.657,7.6,2.10
624,Kendrys Morales\moralke01,35,TOR,AL,0,0,,0.00,0,0,0,1.0,0,0,0,1,0,1.000,0.0,0.00
625,Osmer Morales\moralos01,25,LAA,AL,0,0,,0.00,0,0,0,0.1,1,0,0,0,0,3.000,0.0,
626,Adam Morgan*\morgaad01,28,PHI,NL,0,2,.000,3.83,0,0,1,49.1,49,21,5,22,50,1.439,9.1,2.27
627,Mike Morin\morinmi01,27,SEA,AL,0,0,,6.75,0,0,0,4.0,6,3,0,1,6,1.750,13.5,6.00
628,Reyes Moronta\moronre01,25,SFG,NL,5,2,.714,2.49,0,0,1,65.0,34,18,4,37,79,1.092,10.9,2.14
629,Akeel Morris\morriak01,25,LAA,AL,0,0,,5.79,0,0,0,14.0,18,9,3,8,7,1.857,4.5,0.88
630,Brandon Morrow\morrobr01,33,CHC,NL,0,0,,1.47,0,0,22,30.2,24,5,2,9,31,1.076,9.1,3.44
631,Charlie Morton\mortoch02,34,HOU,AL,15,3,.833,3.13,0,0,0,167.0,130,58,18,64,201,1.162,10.8,3.14
632,Taylor Motter\motteta01,28,TOT,AL,0,0,,9.00,0,0,0,1.0,1,1,1,1,1,2.000,9.0,1.00
633,Taylor Motter\motteta01,28,SEA,AL,0,0,,9.00,0,0,0,1.0,1,1,1,1,1,2.000,9.0,1.00
634,Gabriel Moya*\moyaga01,23,MIN,AL,3,1,.750,4.71,0,0,0,36.1,35,19,6,13,31,1.321,7.7,2.38
635,Peter Moylan\moylape01,39,ATL,NL,0,1,.000,4.45,0,0,0,28.1,32,14,4,18,23,1.765,7.3,1.28
636,Harrison Musgrave*\musgrha01,26,COL,NL,2,3,.400,4.63,0,0,0,44.2,36,23,7,22,32,1.299,6.4,1.45
637,Joe Musgrove\musgrjo01,25,PIT,NL,6,9,.400,4.06,0,0,0,115.1,113,52,12,23,100,1.179,7.8,4.35
638,Zach Neal\nealza01,29,LAD,NL,0,0,,9.00,0,0,0,1.0,2,1,1,0,0,2.000,0.0,
639,Hector Neris\nerishe01,29,PHI,NL,1,3,.250,5.10,0,0,11,47.2,46,27,11,16,76,1.301,14.3,4.75
640,Pat Neshek\neshepa01,37,PHI,NL,3,2,.600,2.59,0,0,5,24.1,23,7,2,5,15,1.151,5.5,3.00
641,Dovydas Neverauskas\neverdo01,25,PIT,NL,0,0,,8.00,0,0,0,27.0,30,24,9,10,27,1.481,9.0,2.70
642,Jake Newberry\newbeja01,23,KCR,AL,2,0,1.000,4.73,0,0,0,13.1,13,7,3,9,11,1.650,7.4,1.22
643,Sean Newcomb*\newcose01,25,ATL,NL,12,9,.571,3.90,0,0,0,164.0,137,71,18,81,160,1.329,8.8,1.98
644,Juan Nicasio\nicasju01,31,SEA,AL,1,6,.143,6.00,0,0,1,42.0,53,28,6,5,53,1.381,11.4,10.60
645,Jacob Nix\nixja02,22,SDP,NL,2,5,.286,7.02,0,0,0,42.1,52,33,8,13,21,1.535,4.5,1.62
646,Aaron Nola\nolaaa01,25,PHI,NL,17,6,.739,2.37,0,0,0,212.1,149,56,17,58,224,0.975,9.5,3.86
647,Bud Norris\norribu01,33,STL,NL,3,6,.333,3.59,0,0,28,57.2,51,23,8,21,67,1.249,10.5,3.19
648,Daniel Norris*\norrida01,25,DET,AL,0,5,.000,5.68,0,0,0,44.1,46,28,8,19,51,1.466,10.4,2.68
649,James Norwood\norwoja01,24,CHC,NL,0,1,.000,4.09,0,0,0,11.0,14,5,0,5,10,1.727,8.2,2.00
650,Ivan Nova\novaiv01,31,PIT,NL,9,9,.500,4.19,0,0,0,161.0,171,75,26,35,114,1.280,6.4,3.26
651,Vidal Nuno III*\nunovi01,30,TBR,AL,3,0,1.000,1.64,0,0,0,33.0,24,6,5,10,29,1.030,7.9,2.90
652,Darren O'Day\odayda01,35,BAL,AL,0,2,.000,3.60,0,0,2,20.0,18,8,3,4,27,1.100,12.2,6.75
653,Chris O'Grady*\ogradch01,28,MIA,NL,0,1,.000,6.43,0,0,0,7.0,7,5,2,4,8,1.571,10.3,2.00
654,Trevor Oaks\oakstr01,25,KCR,AL,0,2,.000,7.24,0,0,0,13.2,21,11,1,6,10,1.976,6.6,1.67
655,Scott Oberg\obergsc01,28,COL,NL,8,1,.889,2.45,0,0,0,58.2,46,16,4,12,57,0.989,8.7,4.75
656,Jake Odorizzi\odorija01,28,MIN,AL,7,10,.412,4.49,0,0,0,164.1,151,82,20,70,162,1.345,8.9,2.31
657,Alexi Ogando\ogandal01,34,CLE,AL,0,1,.000,18.00,0,0,0,1.0,2,2,0,3,1,5.000,9.0,0.33
658,Seunghwan Oh\ohse01,35,TOT,MLB,6,3,.667,2.63,0,0,3,68.1,52,20,8,17,79,1.010,10.4,4.65
659,Seunghwan Oh\ohse01,35,TOR,AL,4,3,.571,2.68,0,0,2,47.0,37,14,5,10,55,1.000,10.5,5.50
660,Seunghwan Oh\ohse01,35,COL,NL,2,0,1.000,2.53,0,0,1,21.1,15,6,3,7,24,1.031,10.1,3.43
661,Shohei Ohtani\ohtansh01,23,LAA,AL,4,2,.667,3.31,0,0,0,51.2,38,19,6,22,63,1.161,11.0,2.86
662,Steven Okert*\okertst01,26,SFG,NL,0,0,,1.23,0,0,0,7.1,4,1,1,0,8,0.545,9.8,
663,Tyler Olson*\olsonty01,28,CLE,AL,2,1,.667,4.94,0,0,0,27.1,26,15,4,12,40,1.390,13.2,3.33
664,Luis Ortiz\ortizlu02,22,BAL,AL,0,1,.000,15.43,0,0,0,2.1,7,4,0,3,0,4.286,0.0,0.00
665,Josh Osich*\osichjo01,29,SFG,NL,0,0,,8.25,0,0,0,12.0,20,11,2,7,10,2.250,7.5,1.43
666,Roberto Osuna\osunaro01,23,TOT,AL,2,2,.500,2.37,0,0,21,38.0,33,10,1,4,32,0.974,7.6,8.00
667,Roberto Osuna\osunaro01,23,TOR,AL,0,0,,2.93,0,0,9,15.1,16,5,0,1,13,1.109,7.6,13.00
668,Roberto Osuna\osunaro01,23,HOU,AL,2,2,.500,1.99,0,0,12,22.2,17,5,1,3,19,0.882,7.5,6.33
669,Corey Oswalt\oswalco01,24,NYM,NL,3,3,.500,5.85,0,0,0,64.2,69,42,14,20,45,1.376,6.3,2.25
670,Dan Otero\oteroda01,33,CLE,AL,2,1,.667,5.22,0,0,1,58.2,69,34,12,5,43,1.261,6.6,8.60
671,Adam Ottavino\ottavad01,32,COL,NL,6,4,.600,2.43,0,0,6,77.2,41,21,5,36,112,0.991,13.0,3.11
672,Emilio Pagan\paganem01,27,OAK,AL,3,1,.750,4.35,0,0,0,62.0,55,30,13,19,63,1.194,9.1,3.32
673,Thomas Pannone*\pannoth01,24,TOR,AL,4,1,.800,4.19,0,0,0,43.0,37,20,7,15,29,1.209,6.1,1.93
674,Eduardo Paredes\pareded01,23,LAA,AL,0,0,,6.87,0,0,0,18.1,25,14,5,7,15,1.745,7.4,2.14
675,Edward Paredes*\pareded02,31,LAD,NL,2,0,1.000,5.87,0,0,0,7.2,7,5,2,2,8,1.174,9.4,4.00
676,Blake Parker\parkebl01,33,LAA,AL,2,1,.667,3.26,0,0,14,66.1,63,24,12,19,70,1.236,9.5,3.68
677,Wes Parsons\parsowe01,25,ATL,NL,0,1,.000,7.20,0,0,0,5.0,6,4,1,3,3,1.800,5.4,1.00
678,David Paulino\paulida01,24,TOR,AL,1,0,1.000,1.35,0,0,0,6.2,6,1,1,2,6,1.200,8.1,3.00
679,James Paxton*\paxtoja01,29,SEA,AL,11,6,.647,3.76,2,1,0,160.1,134,67,23,42,208,1.098,11.7,4.95
680,James Pazos*\pazosja01,27,SEA,AL,4,1,.800,2.88,0,0,0,50.0,47,16,4,15,45,1.240,8.1,3.00
681,Brad Peacock\peacobr01,30,HOU,AL,3,5,.375,3.46,0,0,3,65.0,56,25,11,20,96,1.169,13.3,4.80
682,CD Pelham*\pelhacd01,23,TEX,AL,0,0,,7.04,0,0,0,7.2,12,6,0,4,7,2.087,8.2,1.75
683,Felix Pena\penafe01,28,LAA,AL,3,5,.375,4.18,0,0,0,92.2,87,43,12,28,85,1.241,8.3,3.04
684,Cliff Pennington\pennicl01,34,CIN,NL,0,0,,9.00,0,0,0,1.0,1,1,0,2,1,3.000,9.0,0.50
685,Freddy Peralta\peralfr01,22,MIL,NL,6,4,.600,4.25,0,0,0,78.1,49,37,8,40,96,1.136,11.0,2.40
686,Wandy Peralta*\peralwa01,26,CIN,NL,2,2,.500,5.36,0,0,0,45.1,58,27,2,31,31,1.963,6.2,1.00
687,Wily Peralta\peralwi01,29,KCR,AL,1,0,1.000,3.67,0,0,14,34.1,28,14,4,23,35,1.485,9.2,1.52
688,Luis Perdomo\perdolu02,25,SDP,NL,1,6,.143,7.05,0,0,0,44.2,62,35,4,22,39,1.881,7.9,1.77
689,Cionel Perez*\perezci01,22,HOU,AL,0,0,,3.97,0,0,0,11.1,6,5,3,7,12,1.147,9.5,1.71
690,Hernan Perez\perezhe01,27,MIL,NL,0,0,,13.50,0,0,0,3.1,7,5,1,1,2,2.400,5.4,2.00
691,Martin Perez*\perezma02,27,TEX,AL,2,7,.222,6.22,0,0,0,85.1,116,59,16,36,52,1.781,5.5,1.44
692,Oliver Perez*\perezol01,36,CLE,AL,1,1,.500,1.39,0,0,0,32.1,17,5,1,7,43,0.742,12.0,6.14
693,Dillon Peters*\peterdi01,25,MIA,NL,2,2,.500,7.16,0,0,0,27.2,34,22,4,15,17,1.771,5.5,1.13
694,Jace Peterson\peterja01,28,TOT,AL,0,0,,36.00,0,0,0,1.0,6,4,1,0,1,6.000,9.0,
695,Jace Peterson\peterja01,28,BAL,AL,0,0,,36.00,0,0,0,1.0,6,4,1,0,1,6.000,9.0,
696,Tim Peterson\peterti01,27,NYM,NL,2,2,.500,6.18,0,0,0,27.2,29,19,8,5,25,1.229,8.1,5.00
697,Yusmeiro Petit\petityu01,33,OAK,AL,7,3,.700,3.00,0,0,0,93.0,76,31,13,18,76,1.011,7.4,4.22
698,Jake Petricka\petrija01,30,TOR,AL,3,1,.750,4.53,0,0,0,45.2,59,23,6,16,41,1.642,8.1,2.56
699,Evan Phillips\phillev01,23,TOT,MLB,0,1,.000,13.11,0,0,0,11.2,13,17,5,10,8,1.971,6.2,0.80
700,Evan Phillips\phillev01,23,ATL,NL,0,0,,8.53,0,0,0,6.1,6,6,3,4,3,1.579,4.3,0.75
701,Evan Phillips\phillev01,23,BAL,AL,0,1,.000,18.56,0,0,0,5.1,7,11,2,6,5,2.438,8.4,0.83
702,Nick Pivetta\pivetni01,25,PHI,NL,7,14,.333,4.77,0,0,0,164.0,163,87,24,51,188,1.305,10.3,3.69
703,Adam Plutko\plutkad01,26,CLE,AL,4,5,.444,5.28,0,0,1,76.2,78,45,21,23,60,1.317,7.0,2.61
704,Drew Pomeranz*\pomerdr01,29,BOS,AL,2,6,.250,6.08,0,0,0,74.0,87,50,12,44,66,1.770,8.0,1.50
705,Daniel Ponce de Leon\ponceda01,26,STL,NL,0,2,.000,2.73,0,0,1,33.0,24,10,2,13,31,1.121,8.5,2.38
706,Rick Porcello\porceri01,29,BOS,AL,17,7,.708,4.28,1,0,0,191.1,177,91,27,48,190,1.176,8.9,3.96
707,Brooks Pounders\poundbr01,27,COL,NL,0,1,.000,7.63,0,0,0,15.1,25,13,3,2,17,1.761,10.0,8.50
708,Bobby Poyner*\poynebo01,25,BOS,AL,1,0,1.000,3.22,0,0,0,22.1,22,8,4,3,24,1.119,9.7,8.00
709,Ryan Pressly\pressry01,29,TOT,AL,2,1,.667,2.54,0,0,2,71.0,57,20,6,22,101,1.113,12.8,4.59
710,Ryan Pressly\pressry01,29,MIN,AL,1,1,.500,3.40,0,0,0,47.2,46,18,5,19,69,1.364,13.0,3.63
711,Ryan Pressly\pressry01,29,HOU,AL,1,0,1.000,0.77,0,0,2,23.1,11,2,1,3,32,0.600,12.3,10.67
712,David Price*\priceda01,32,BOS,AL,16,7,.696,3.58,1,0,0,176.0,151,70,25,50,177,1.142,9.1,3.54
713,Austin Pruitt\pruitau01,28,TBR,AL,2,3,.400,4.65,0,0,4,69.2,72,36,7,16,42,1.263,5.4,2.63
714,Kevin Quackenbush\quackke01,29,CIN,NL,0,1,.000,11.00,0,0,0,9.0,13,11,3,6,7,2.111,7.0,1.17
715,Roman Quinn\quinnro01,25,PHI,NL,0,0,,37.80,0,0,0,1.2,6,7,1,2,0,4.800,0.0,0.00
716,Jose Quintana*\quintjo01,29,CHC,NL,13,11,.542,4.03,0,0,0,174.1,162,78,25,68,158,1.319,8.2,2.32
717,Tanner Rainey\raineta01,25,CIN,NL,0,0,,24.43,0,0,0,7.0,13,19,4,12,7,3.571,9.0,0.58
718,Carlos Ramirez\ramirca01,27,TOT,AL,0,0,,3.24,0,0,0,8.1,3,3,0,9,5,1.440,5.4,0.56
719,Carlos Ramirez\ramirca01,27,TOR,AL,0,0,,3.86,0,0,0,2.1,1,1,0,5,3,2.571,11.6,0.60
720,Carlos Ramirez\ramirca01,27,OAK,AL,0,0,,3.00,0,0,0,6.0,2,2,0,4,2,1.000,3.0,0.50
721,Erasmo Ramirez\ramirer02,28,SEA,AL,2,4,.333,6.50,0,0,0,45.2,52,33,14,12,33,1.401,6.5,2.75
722,JC Ramirez\ramirjc01,29,LAA,AL,0,2,.000,9.45,0,0,0,6.2,7,7,3,7,4,2.100,5.4,0.57
723,Jose Ramirez\ramirjo02,28,ATL,NL,0,2,.000,17.05,0,0,0,6.1,9,12,0,8,7,2.684,9.9,0.88
724,Neil Ramirez\ramirne01,29,CLE,AL,0,3,.000,4.54,0,0,0,41.2,36,21,9,18,51,1.296,11.0,2.83
725,Noe Ramirez\ramirno01,28,LAA,AL,7,5,.583,4.54,0,0,1,83.1,75,42,15,30,95,1.260,10.3,3.17
726,Yefry Ramirez\ramirye01,24,BAL,AL,1,8,.111,5.92,0,0,0,65.1,64,43,11,36,62,1.531,8.5,1.72
727,AJ Ramos\ramosaj01,31,NYM,NL,2,2,.500,6.41,0,0,0,19.2,17,14,3,15,22,1.627,10.1,1.47
728,Edubray Ramos\ramosed02,25,PHI,NL,3,1,.750,2.32,0,0,1,42.2,34,11,4,15,42,1.148,8.9,2.80
729,Josh Ravin\ravinjo01,30,ATL,NL,0,1,.000,6.00,0,0,0,3.0,2,2,0,2,1,1.333,3.0,0.50
730,Robbie Ray*\rayro02,26,ARI,NL,6,2,.750,3.93,0,0,0,123.2,97,54,19,70,165,1.350,12.0,2.36
731,Addison Reed\reedad01,29,MIN,AL,1,6,.143,4.50,0,0,0,56.0,65,28,11,15,44,1.429,7.1,2.93
732,Cody Reed*\reedco01,25,CIN,NL,1,3,.250,3.98,0,0,0,43.0,45,19,5,15,42,1.395,8.8,2.80
733,Sean Reid-Foley\reidfse01,22,TOR,AL,2,4,.333,5.13,0,0,0,33.1,31,19,6,21,42,1.560,11.3,2.00
734,Zac Reininger\reiniza01,25,DET,AL,1,0,1.000,7.59,0,0,0,21.1,28,18,5,9,18,1.734,7.6,2.00
735,Alex Reyes\reyesal02,23,STL,NL,0,0,,0.00,0,0,0,4.0,3,0,0,2,2,1.250,4.5,1.00
736,Jesus Reyes\reyesje01,25,CIN,NL,0,0,,3.18,0,0,0,5.2,4,2,1,2,2,1.059,3.2,1.00
737,Jose Reyes\reyesjo01,35,NYM,NL,0,0,,54.00,0,0,0,1.0,5,6,2,2,0,7.000,0.0,0.00
738,Mark Reynolds\reynoma01,34,WSN,NL,0,0,,0.00,0,0,0,0.1,0,0,0,0,0,0.000,0.0,
739,Jacob Rhame\rhameja01,25,NYM,NL,1,2,.333,5.85,0,0,1,32.1,38,21,8,8,28,1.423,7.8,3.50
740,Clayton Richard*\richacl01,34,SDP,NL,7,11,.389,5.33,0,0,0,158.2,159,94,19,60,108,1.380,6.1,1.80
741,Garrett Richards\richaga01,30,LAA,AL,5,4,.556,3.66,0,0,0,76.1,64,31,11,34,87,1.284,10.3,2.56
742,Trevor Richards\richatr01,25,MIA,NL,4,9,.308,4.42,0,0,0,126.1,121,62,15,54,130,1.385,9.3,2.41
743,Yacksel Rios\riosya01,25,PHI,NL,3,2,.600,6.75,0,0,0,36.0,43,27,6,15,36,1.611,9.0,2.40
744,Anthony Rizzo*\rizzoan01,28,CHC,NL,0,0,,0.00,0,0,0,0.1,0,0,0,0,0,0.000,0.0,
745,Tanner Roark\roarkta01,31,WSN,NL,9,15,.375,4.34,0,0,0,180.1,181,87,24,50,146,1.281,7.3,2.92
746,Daniel Robertson\roberda10,24,TBR,AL,0,0,,0.00,0,0,0,1.0,0,0,0,0,0,0.000,0.0,
747,David Robertson\roberda08,33,NYY,AL,8,3,.727,3.23,0,0,5,69.2,46,25,7,26,91,1.033,11.8,3.50
748,Hansel Robles\robleha01,27,TOT,MLB,2,3,.400,3.70,0,0,2,56.0,53,23,9,25,59,1.393,9.5,2.36
749,Hansel Robles\robleha01,27,NYM,NL,2,2,.500,5.03,0,0,0,19.2,21,11,7,10,23,1.576,10.5,2.30
750,Hansel Robles\robleha01,27,LAA,AL,0,1,.000,2.97,0,0,2,36.1,32,12,2,15,36,1.294,8.9,2.40
751,Fernando Rodney\rodnefe01,41,TOT,AL,4,3,.571,3.36,0,0,25,64.1,62,24,7,32,70,1.461,9.8,2.19
752,Fernando Rodney\rodnefe01,41,MIN,AL,3,2,.600,3.09,0,0,25,43.2,42,15,5,19,50,1.397,10.3,2.63
753,Fernando Rodney\rodnefe01,41,OAK,AL,1,1,.500,3.92,0,0,0,20.2,20,9,2,13,20,1.597,8.7,1.54
754,Carlos Rodon*\rodonca01,25,CHW,AL,6,8,.429,4.18,0,0,0,120.2,97,56,15,55,90,1.260,6.7,1.64
755,Dereck Rodriguez\rodride01,26,SFG,NL,6,4,.600,2.81,0,0,0,118.1,98,37,9,36,89,1.132,6.8,2.47
756,Eduardo Rodriguez*\rodried05,25,BOS,AL,13,5,.722,3.82,0,0,0,129.2,119,55,16,45,146,1.265,10.1,3.24
757,Jefry Rodriguez\rodrije01,24,WSN,NL,3,3,.500,5.71,0,0,0,52.0,43,33,8,37,39,1.538,6.8,1.05
758,Ricardo Rodriguez\rodriri04,25,TEX,AL,0,0,,4.05,0,0,0,6.2,11,3,0,1,3,1.800,4.1,3.00
759,Richard Rodriguez\rodriri05,28,PIT,NL,4,3,.571,2.47,0,0,0,69.1,55,19,5,19,88,1.067,11.4,4.63
760,Chaz Roe\roech01,31,TBR,AL,1,3,.250,3.58,0,0,1,50.1,35,20,6,16,53,1.013,9.5,3.31
761,Josh Rogers*\rogerjo01,23,BAL,AL,1,2,.333,8.49,0,0,0,11.2,17,11,2,5,6,1.886,4.6,1.20
762,Taylor Rogers*\rogerta01,27,MIN,AL,1,2,.333,2.63,0,0,2,68.1,49,20,3,16,75,0.951,9.9,4.69
763,Sal Romano\romansa01,24,CIN,NL,8,11,.421,5.31,0,0,0,145.2,155,86,23,53,105,1.428,6.5,1.98
764,Enny Romero*\romeren01,27,TOT,MLB,0,0,,12.60,0,0,0,10.0,23,14,4,6,10,2.900,9.0,1.67
765,Enny Romero*\romeren01,27,TOT,NL,0,0,,7.50,0,0,0,6.0,12,5,1,4,7,2.667,10.5,1.75
766,Enny Romero*\romeren01,27,WSN,NL,0,0,,13.50,0,0,0,2.0,5,3,1,1,2,3.000,9.0,2.00
767,Enny Romero*\romeren01,27,PIT,NL,0,0,,4.50,0,0,0,4.0,7,2,0,3,5,2.500,11.3,1.67
768,Enny Romero*\romeren01,27,KCR,AL,0,0,,20.25,0,0,0,4.0,11,9,3,2,3,3.250,6.8,1.50
769,Fernando Romero\romerfe01,23,MIN,AL,3,3,.500,4.69,0,0,0,55.2,60,29,6,19,45,1.419,7.3,2.37
770,Andrew Romine\rominan01,32,SEA,AL,0,0,,15.00,0,0,0,3.0,5,5,1,2,0,2.333,0.0,0.00
771,Sergio Romo\romose01,35,TBR,AL,3,4,.429,4.14,0,0,25,67.1,65,31,11,20,75,1.262,10.0,3.75
772,Bruce Rondon\rondobr01,27,CHW,AL,2,3,.400,8.49,0,0,1,29.2,37,28,1,27,40,2.157,12.1,1.48
773,Hector Rondon\rondohe01,30,HOU,AL,2,5,.286,3.20,0,0,15,59.0,58,21,4,20,67,1.322,10.2,3.35
774,Randy Rosario*\rosarra01,24,CHC,NL,4,0,1.000,3.66,0,0,1,46.2,47,19,5,22,30,1.479,5.8,1.36
775,Joe Ross\rossjo01,25,WSN,NL,0,2,.000,5.06,0,0,0,16.0,17,9,3,4,7,1.313,3.9,1.75
776,Tyson Ross\rossty01,31,TOT,NL,8,9,.471,4.15,0,0,0,149.2,132,69,17,62,122,1.296,7.3,1.97
777,Tyson Ross\rossty01,31,SDP,NL,6,9,.400,4.45,0,0,0,123.1,112,61,16,52,107,1.330,7.8,2.06
778,Tyson Ross\rossty01,31,STL,NL,2,0,1.000,2.73,0,0,0,26.1,20,8,1,10,15,1.139,5.1,1.50
779,Zac Rosscup*\rosscza01,30,LAD,NL,0,1,.000,4.76,0,0,0,11.1,9,6,3,4,20,1.147,15.9,5.00
780,Chris Rowley\rowlech01,27,TOR,AL,0,1,.000,40.50,0,0,0,0.2,2,3,1,1,0,4.500,0.0,0.00
781,Ryan Rua\ruary01,28,TEX,AL,0,0,,0.00,0,0,0,1.0,0,0,0,0,1,0.000,9.0,
782,Drew Rucinski\rucindr01,29,MIA,NL,4,2,.667,4.33,0,0,0,35.1,34,17,2,13,27,1.330,6.9,2.08
783,Jose Ruiz\ruizjo01,23,CHW,AL,0,0,,4.15,0,0,0,4.1,5,2,1,3,6,1.846,12.5,2.00
784,Nick Rumbelow\rumbeni01,26,SEA,AL,0,0,,6.11,0,0,0,17.2,19,12,6,6,16,1.415,8.2,2.67
785,Chris Rusin*\rusinch01,31,COL,NL,2,3,.400,6.09,0,0,0,54.2,56,37,7,26,47,1.500,7.7,1.81
786,Hyun-Jin Ryu*\ryuhy01,31,LAD,NL,7,3,.700,1.97,0,0,0,82.1,68,18,9,15,89,1.008,9.7,5.93
787,Marc Rzepczynski*\rzepcma01,32,TOT,AL,0,1,.000,6.97,0,0,0,10.1,16,8,2,10,11,2.516,9.6,1.10
788,Marc Rzepczynski*\rzepcma01,32,SEA,AL,0,1,.000,9.39,0,0,0,7.2,13,8,2,9,10,2.870,11.7,1.11
789,Marc Rzepczynski*\rzepcma01,32,CLE,AL,0,0,,0.00,0,0,0,2.2,3,0,0,1,1,1.500,3.4,1.00
790,CC Sabathia*\sabatc.01,37,NYY,AL,9,7,.563,3.65,0,0,0,153.0,150,62,19,51,140,1.314,8.2,2.75
791,Casey Sadler\sadleca02,27,PIT,NL,0,0,,8.31,0,0,0,4.1,9,4,0,3,3,2.769,6.2,1.00
792,Connor Sadzeck\sadzeco01,26,TEX,AL,0,0,,0.96,0,0,0,9.1,6,1,0,11,7,1.821,6.8,0.64
793,Fernando Salas\salasfe01,33,ARI,NL,4,4,.500,4.50,0,0,0,40.0,40,20,5,13,30,1.325,6.8,2.31
794,Chris Sale*\salech01,29,BOS,AL,12,4,.750,2.11,0,0,0,158.0,102,37,11,34,237,0.861,13.5,6.97
795,Jeff Samardzija\samarje01,33,SFG,NL,1,5,.167,6.25,0,0,0,44.2,47,31,6,26,30,1.634,6.0,1.15
796,Adrian Sampson\sampsad01,26,TEX,AL,0,3,.000,4.30,0,0,0,23.0,24,11,6,4,15,1.217,5.9,3.75
797,Aaron Sanchez\sanchaa01,25,TOR,AL,4,6,.400,4.89,0,0,0,105.0,106,57,11,58,86,1.562,7.4,1.48
798,Anibal Sanchez\sanchan01,34,ATL,NL,7,6,.538,2.83,0,0,0,136.2,106,43,15,42,135,1.083,8.9,3.21
799,Pablo Sandoval\sandopa01,31,SFG,NL,0,0,,0.00,0,0,0,1.0,0,0,0,0,0,0.000,0.0,
800,Dennis Santana\santade01,22,LAD,NL,1,0,1.000,12.27,0,0,0,3.2,6,5,0,1,4,1.909,9.8,4.00
801,Edgar Santana\santaed01,26,PIT,NL,3,4,.429,3.26,0,0,0,66.1,61,24,7,12,54,1.101,7.3,4.50
802,Ervin Santana\santaer01,35,MIN,AL,0,1,.000,8.03,0,0,0,24.2,31,22,9,9,16,1.622,5.8,1.78
803,Hector Santiago*\santihe01,30,CHW,AL,6,3,.667,4.50,0,0,2,102.0,102,51,16,60,103,1.588,9.1,1.72
804,Luis Santos\santolu01,27,TOR,AL,1,1,.500,7.20,0,0,0,20.0,26,16,4,10,24,1.800,10.8,2.40
805,Warwick Saupold\saupowa01,28,DET,AL,4,1,.800,4.46,0,0,1,34.1,41,17,6,13,16,1.573,4.2,1.23
806,Rob Scahill\scahiro01,31,CHW,AL,0,0,,5.40,0,0,0,5.0,5,3,0,3,3,1.600,5.4,1.00
807,Max Scherzer\scherma01,33,WSN,NL,18,7,.720,2.53,2,1,0,220.2,150,62,23,51,300,0.911,12.2,5.88
808,Jaime Schultz\schulja02,27,TBR,AL,2,2,.500,5.64,0,0,0,30.1,18,19,6,17,35,1.154,10.4,2.06
809,Robby Scott*\scottro02,28,BOS,AL,0,1,.000,8.10,0,0,0,6.2,10,6,2,5,8,2.250,10.8,1.60
810,Tanner Scott*\scottta01,23,BAL,AL,3,3,.500,5.40,0,0,0,53.1,55,32,6,28,76,1.556,12.8,2.71
811,Troy Scribner\scribtr01,26,ARI,NL,0,1,.000,4.91,0,0,0,3.2,4,2,0,6,4,2.727,9.8,0.67
812,Antonio Senzatela\senzaan01,23,COL,NL,6,6,.500,4.38,0,0,0,90.1,94,44,10,30,69,1.373,6.9,2.30
813,Luis Severino\severlu01,24,NYY,AL,19,8,.704,3.39,1,1,0,191.1,173,72,19,46,220,1.145,10.3,4.78
814,Paul Sewald\sewalpa01,28,NYM,NL,0,7,.000,6.07,0,0,2,56.1,62,38,8,23,58,1.509,9.3,2.52
815,Kevin Shackelford\shackke01,29,CIN,NL,0,1,.000,7.88,0,0,0,8.0,13,7,0,4,7,2.125,7.9,1.75
816,Justin Shafer\shafeju01,25,TOR,AL,0,0,,3.24,0,0,0,8.1,6,3,1,7,2,1.560,2.2,0.29
817,Bryan Shaw\shawbr01,30,COL,NL,4,6,.400,5.93,0,0,0,54.2,70,36,9,28,54,1.793,8.9,1.93
818,Justus Sheffield*\sheffju01,22,NYY,AL,0,0,,10.13,0,0,0,2.2,4,3,1,3,0,2.625,0.0,0.00
819,Jimmie Sherfy\sherfji01,26,ARI,NL,0,0,,1.65,0,0,0,16.1,8,3,1,10,17,1.102,9.4,1.70
820,Ryan Sherriff*\sherrry01,28,STL,NL,0,0,,6.35,0,0,0,5.2,8,4,1,2,3,1.765,4.8,1.50
821,James Shields\shielja02,36,CHW,AL,7,16,.304,4.53,0,0,0,204.2,190,103,34,78,154,1.309,6.8,1.97
822,Braden Shipley\shiplbr01,26,ARI,NL,0,0,,7.20,0,0,0,5.0,4,4,0,2,3,1.200,5.4,1.50
823,Matt Shoemaker\shoemma01,31,LAA,AL,2,2,.500,4.94,0,0,0,31.0,29,17,3,10,33,1.258,9.6,3.30
824,Chasen Shreve*\shrevch01,27,TOT,MLB,3,4,.429,3.93,0,0,1,52.2,53,23,11,27,62,1.519,10.6,2.30
825,Chasen Shreve*\shrevch01,27,NYY,AL,2,2,.500,4.26,0,0,1,38.0,39,18,8,18,46,1.500,10.9,2.56
826,Chasen Shreve*\shrevch01,27,STL,NL,1,2,.333,3.07,0,0,0,14.2,14,5,3,9,16,1.568,9.8,1.78
827,Lucas Sims\simslu01,24,TOT,NL,0,0,,7.47,0,0,0,15.2,15,13,3,13,16,1.787,9.2,1.23
828,Lucas Sims\simslu01,24,ATL,NL,0,0,,7.84,0,0,0,10.1,12,9,2,8,10,1.935,8.7,1.25
829,Lucas Sims\simslu01,24,CIN,NL,0,0,,6.75,0,0,0,5.1,3,4,1,5,6,1.500,10.1,1.20
830,Tony Sipp*\sippto01,34,HOU,AL,3,1,.750,1.86,0,0,0,38.2,27,8,1,13,42,1.034,9.8,3.23
831,Tyler Skaggs*\skaggty01,26,LAA,AL,8,10,.444,4.02,0,0,0,125.1,127,56,14,40,129,1.332,9.3,3.23
832,Eric Skoglund*\skogler01,25,KCR,AL,1,6,.143,5.14,0,0,0,70.0,66,40,12,19,49,1.214,6.3,2.58
833,Aaron Slegers\slegeaa01,25,MIN,AL,1,1,.500,5.27,0,0,0,13.2,17,8,3,2,6,1.390,4.0,3.00
834,Burch Smith\smithbu03,28,KCR,AL,1,6,.143,6.92,0,0,0,78.0,90,60,15,40,77,1.667,8.9,1.93
835,Caleb Smith*\smithca03,26,MIA,NL,5,6,.455,4.19,0,0,0,77.1,63,36,10,33,88,1.241,10.2,2.67
836,Carson Smith\smithca02,28,BOS,AL,1,1,.500,3.77,0,0,0,14.1,14,6,2,6,18,1.395,11.3,3.00
837,Drew Smith\smithdr01,24,NYM,NL,1,1,.500,3.54,0,0,0,28.0,34,11,2,6,18,1.429,5.8,3.00
838,Joe Smith\smithjo05,34,HOU,AL,5,1,.833,3.74,0,0,0,45.2,34,19,7,12,46,1.007,9.1,3.83
839,Murphy Smith\smithmu01,30,TOR,AL,0,0,,8.10,0,0,0,3.1,5,3,0,1,0,1.800,0.0,0.00
840,Will Smith*\smithwi04,28,SFG,NL,2,3,.400,2.55,0,0,14,53.0,37,15,3,15,71,0.981,12.1,4.73
841,Josh Smoker*\smokejo01,29,TOT,MLB,0,0,,8.59,0,0,0,7.1,11,7,2,7,4,2.455,4.9,0.57
842,Josh Smoker*\smokejo01,29,PIT,NL,0,0,,11.12,0,0,0,5.2,11,7,2,5,2,2.824,3.2,0.40
843,Josh Smoker*\smokejo01,29,DET,AL,0,0,,0.00,0,0,0,1.2,0,0,0,2,2,1.200,10.8,1.00
844,Jake Smolinski\smolija01,29,OAK,AL,0,0,,18.00,0,0,0,1.0,2,2,1,0,0,2.000,0.0,
845,Blake Snell*\snellbl01,25,TBR,AL,21,5,.808,1.89,0,0,0,180.2,112,38,16,64,221,0.974,11.0,3.45
846,D.J. Snelten*\sneltdj01,26,SFG,NL,0,0,,10.38,0,0,0,4.1,9,5,2,3,4,2.769,8.3,1.33
847,Chad Sobotka\sobotch01,24,ATL,NL,1,0,1.000,1.88,0,0,0,14.1,5,3,2,9,21,0.977,13.2,2.33
848,Miguel Socolovich\socolmi01,31,ATL,NL,0,1,.000,10.80,0,0,0,5.0,8,6,0,2,4,2.000,7.2,2.00
849,Sammy Solis*\solissa01,29,WSN,NL,1,2,.333,6.41,0,0,0,39.1,43,28,7,18,44,1.551,10.1,2.44
850,Joakim Soria\soriajo01,34,TOT,MLB,3,4,.429,3.12,0,0,16,60.2,53,21,4,16,75,1.137,11.1,4.69
851,Joakim Soria\soriajo01,34,CHW,AL,0,3,.000,2.56,0,0,16,38.2,35,11,2,10,49,1.164,11.4,4.90
852,Joakim Soria\soriajo01,34,MIL,NL,3,1,.750,4.09,0,0,0,22.0,18,10,2,6,26,1.091,10.6,4.33
853,Mike Soroka\sorokmi01,20,ATL,NL,2,1,.667,3.51,0,0,0,25.2,30,10,1,7,21,1.442,7.4,3.00
854,Cory Spangenberg\spangco01,27,SDP,NL,0,0,,13.50,0,0,0,2.0,4,3,0,3,0,3.500,0.0,0.00
855,Glenn Sparkman\sparkgl01,26,KCR,AL,0,3,.000,4.46,0,0,0,38.1,47,19,3,15,27,1.617,6.3,1.80
856,Jeffrey Springs*\sprinje01,25,TEX,AL,1,1,.500,3.38,0,0,0,32.0,32,12,4,14,31,1.438,8.7,2.21
857,Craig Stammen\stammcr01,34,SDP,NL,8,3,.727,2.73,0,0,0,79.0,65,24,3,17,88,1.038,10.0,5.18
858,Ryne Stanek\stanery01,26,TBR,AL,2,3,.400,2.98,0,0,0,66.1,45,22,8,27,81,1.085,11.0,3.00
859,Drew Steckenrider\steckdr01,27,MIA,NL,4,4,.500,3.90,0,0,5,64.2,55,28,7,27,74,1.268,10.3,2.74
860,Jackson Stephens\stephja01,24,CIN,NL,2,3,.400,4.93,0,0,0,38.1,50,21,7,15,33,1.696,7.7,2.20
861,Robert Stephenson\stephro01,25,CIN,NL,0,2,.000,9.26,0,0,0,11.2,17,12,2,12,11,2.486,8.5,0.92
862,Brock Stewart\stewabr01,26,LAD,NL,0,1,.000,6.11,0,0,0,17.2,23,12,4,9,14,1.811,7.1,1.56
863,Kohl Stewart\stewako01,23,MIN,AL,2,1,.667,3.68,0,0,0,36.2,34,15,1,18,24,1.418,5.9,1.33
864,Robert Stock\stockro01,28,SDP,NL,1,1,.500,2.50,0,0,0,39.2,37,11,1,13,38,1.261,8.6,2.92
865,Eric Stout*\stouter01,25,KCR,AL,0,0,,23.14,0,0,0,2.1,7,6,2,2,2,3.857,7.7,1.00
866,Matt Strahm*\strahma01,26,SDP,NL,3,4,.429,2.05,0,0,0,61.1,39,14,6,21,69,0.978,10.1,3.29
867,Dan Straily\straida01,29,MIA,NL,5,6,.455,4.12,0,0,0,122.1,107,56,20,52,99,1.300,7.3,1.90
868,Stephen Strasburg\strasst01,29,WSN,NL,10,7,.588,3.74,0,0,0,130.0,118,54,18,38,156,1.200,10.8,4.11
869,Chris Stratton\stratch01,27,SFG,NL,10,10,.500,5.09,1,1,0,145.0,153,82,19,54,112,1.428,7.0,2.07
870,Hunter Strickland\strichu01,29,SFG,NL,3,5,.375,3.97,0,0,14,45.1,43,20,5,21,37,1.412,7.3,1.76
871,Ross Stripling\stripro01,28,LAD,NL,8,6,.571,3.02,0,0,0,122.0,123,41,18,22,136,1.189,10.0,6.18
872,Marcus Stroman\stromma01,27,TOR,AL,4,9,.308,5.54,0,0,0,102.1,115,63,9,36,77,1.476,6.8,2.14
873,Pedro Strop\stroppe01,33,CHC,NL,6,1,.857,2.26,0,0,13,59.2,38,15,4,21,57,0.989,8.6,2.71
874,Daniel Stumpf*\stumpda01,27,DET,AL,1,5,.167,4.93,0,0,0,38.1,44,21,5,16,37,1.565,8.7,2.31
875,Andrew Suarez*\suarean01,25,SFG,NL,7,13,.350,4.49,0,0,0,160.1,163,80,23,45,130,1.297,7.3,2.89
876,Ranger Suarez*\suarera01,22,PHI,NL,1,1,.500,5.40,0,0,0,15.0,21,9,3,6,11,1.800,6.6,1.83
877,Jesus Sucre\sucreje01,30,TBR,AL,0,0,,18.00,0,0,0,1.0,4,2,0,0,0,4.000,0.0,
878,Wander Suero\suerowa01,26,WSN,NL,4,1,.800,3.59,0,0,0,47.2,43,19,4,15,47,1.217,8.9,3.13
879,Brent Suter*\suterbr01,28,MIL,NL,8,7,.533,4.44,0,0,0,101.1,102,50,18,19,84,1.194,7.5,4.42
880,Anthony Swarzak\swarzan01,32,NYM,NL,0,2,.000,6.15,0,0,4,26.1,28,18,6,14,31,1.595,10.6,2.21
881,Noah Syndergaard\syndeno01,25,NYM,NL,13,4,.765,3.03,2,1,0,154.1,148,52,9,39,155,1.212,9.0,3.97
882,Jameson Taillon\taillja01,26,PIT,NL,14,10,.583,3.20,2,1,0,191.0,179,68,20,46,179,1.178,8.4,3.89
883,Masahiro Tanaka\tanakma01,29,NYY,AL,12,6,.667,3.75,1,1,0,156.0,141,65,25,35,159,1.128,9.2,4.54
884,Stephen Tarpley*\tarplst01,25,NYY,AL,0,0,,3.00,0,0,0,9.0,6,3,0,6,13,1.333,13.0,2.17
885,Ben Taylor\taylobe10,25,CLE,AL,0,0,,6.00,0,0,0,6.0,6,4,2,1,8,1.167,12.0,8.00
886,Junichi Tazawa\tazawju01,32,TOT,MLB,1,1,.500,7.07,0,0,0,28.0,35,22,7,16,28,1.821,9.0,1.75
887,Junichi Tazawa\tazawju01,32,MIA,NL,1,1,.500,9.00,0,0,0,20.0,28,20,6,13,24,2.050,10.8,1.85
888,Junichi Tazawa\tazawju01,32,LAA,AL,0,0,,2.25,0,0,0,8.0,7,2,1,3,4,1.250,4.5,1.33
889,Julio Teheran\teherju01,27,ATL,NL,9,9,.500,3.94,0,0,0,175.2,122,77,26,84,162,1.173,8.3,1.93
890,Ryan Tepera\teperry01,30,TOR,AL,5,5,.500,3.62,0,0,7,64.2,55,26,9,24,68,1.222,9.5,2.83
891,Jake Thompson\thompja03,24,PHI,NL,1,0,1.000,4.96,0,0,2,16.1,14,9,1,11,14,1.531,7.7,1.27
892,Tyler Thornburg\thornty01,29,BOS,AL,2,0,1.000,5.63,0,0,0,24.0,28,15,6,10,21,1.583,7.9,2.10
893,Chris Tillman\tillmch01,30,BAL,AL,1,5,.167,10.46,0,0,0,26.2,42,31,6,17,13,2.213,4.4,0.76
894,Carlos Tocci\toccica01,22,TEX,AL,0,0,,0.00,0,0,0,0.2,0,0,0,0,0,0.000,0.0,
895,Josh Tomlin\tomlijo01,33,CLE,AL,2,5,.286,6.14,0,0,0,70.1,92,48,25,12,46,1.479,5.9,3.83
896,Carlos Torres\torreca01,35,WSN,NL,0,0,,6.52,0,0,0,9.2,9,7,3,3,9,1.241,8.4,3.00
897,Touki Toussaint\toussto01,22,ATL,NL,2,1,.667,4.03,0,0,0,29.0,18,13,1,21,32,1.345,9.9,1.52
898,Blake Treinen\treinbl01,30,OAK,AL,9,2,.818,0.78,0,0,38,80.1,46,7,2,21,100,0.834,11.2,4.76
899,Andrew Triggs\triggan01,29,OAK,AL,3,1,.750,5.23,0,0,0,41.1,37,24,7,18,43,1.331,9.4,2.39
900,Lou Trivino\trivilo01,26,OAK,AL,8,3,.727,2.92,0,0,4,74.0,53,24,8,31,82,1.135,10.0,2.65
901,Nick Tropeano\tropeni01,27,LAA,AL,5,6,.455,4.74,0,0,0,76.0,68,40,16,31,64,1.303,7.6,2.06
902,Jen-Ho Tseng\tsengje01,23,CHC,NL,0,0,,13.50,0,0,0,2.0,4,3,1,0,3,2.000,13.5,
903,Sam Tuivailala\tuivasa01,25,TOT,MLB,4,3,.571,3.41,0,0,0,37.0,41,14,3,12,30,1.432,7.3,2.50
904,Sam Tuivailala\tuivasa01,25,STL,NL,3,3,.500,3.69,0,0,0,31.2,35,13,3,11,26,1.453,7.4,2.36
905,Sam Tuivailala\tuivasa01,25,SEA,AL,1,0,1.000,1.69,0,0,0,5.1,6,1,0,1,4,1.313,6.8,4.00
906,Spencer Turnbull\turnbsp01,25,DET,AL,0,2,.000,6.06,0,0,0,16.1,17,11,1,4,15,1.286,8.3,3.75
907,Jacob Turner\turneja01,27,TOT,MLB,0,1,.000,20.25,0,0,0,6.2,19,15,2,6,3,3.750,4.1,0.50
908,Jacob Turner\turneja01,27,MIA,NL,0,0,,15.88,0,0,0,5.2,13,10,1,5,2,3.176,3.2,0.40
909,Jacob Turner\turneja01,27,DET,AL,0,1,.000,45.00,0,0,0,1.0,6,5,1,1,1,7.000,9.0,1.00
910,Duane Underwood Jr.\underdu01,23,CHC,NL,0,1,.000,2.25,0,0,0,4.0,2,1,1,3,3,1.250,6.8,1.00
911,Jose Urena\urenajo01,26,MIA,NL,9,12,.429,3.98,1,0,0,174.0,155,77,19,51,130,1.184,6.7,2.55
912,Julio Urias*\uriasju01,21,LAD,NL,0,0,,0.00,0,0,0,4.0,1,0,0,0,7,0.250,15.8,
913,Framber Valdez*\valdefr01,24,HOU,AL,4,1,.800,2.19,0,0,0,37.0,22,9,3,24,34,1.243,8.3,1.42
914,Jose Valdez\valdejo03,28,SFG,NL,0,0,,12.60,0,0,0,5.0,8,7,3,1,4,1.800,7.2,4.00
915,Danny Valencia\valenda01,33,BAL,AL,0,0,,0.00,0,0,0,0.1,0,0,0,0,1,0.000,27.0,
916,Jesmuel Valentin\valenje01,24,PHI,NL,0,0,,27.00,0,0,0,1.0,2,3,1,2,1,4.000,9.0,0.50
917,Jason Vargas*\vargaja01,35,NYM,NL,7,9,.438,5.77,0,0,0,92.0,100,59,18,30,84,1.413,8.2,2.80
918,Andrew Vasquez*\vasquan02,24,MIN,AL,1,0,1.000,5.40,0,0,0,5.0,5,3,0,2,7,1.400,12.6,3.50
919,Jerry Vasto*\vastoje01,26,TOT,MLB,0,1,.000,8.31,0,0,0,4.1,6,4,1,2,4,1.846,8.3,2.00
920,Jerry Vasto*\vastoje01,26,COL,NL,0,0,,40.50,0,0,0,0.2,3,3,0,1,1,6.000,13.5,1.00
921,Jerry Vasto*\vastoje01,26,KCR,AL,0,1,.000,2.45,0,0,0,3.2,3,1,1,1,3,1.091,7.4,3.00
922,Felipe Vazquez*\riverfe01,26,PIT,NL,4,2,.667,2.70,0,0,37,70.0,63,21,4,24,89,1.243,11.4,3.71
923,Vince Velasquez\velasvi01,26,PHI,NL,9,12,.429,4.85,0,0,0,146.2,138,79,16,59,161,1.343,9.9,2.73
924,Hector Velazquez\velazhe01,29,BOS,AL,7,2,.778,3.18,0,0,0,85.0,97,30,7,26,53,1.447,5.6,2.04
925,Pat Venditte#\vendipa01,33,LAD,NL,0,0,,2.57,0,0,0,14.0,11,4,1,3,9,1.000,5.8,3.00
926,Jonny Venters*\ventejo01,33,TOT,MLB,5,2,.714,3.67,0,0,3,34.1,26,14,1,16,27,1.223,7.1,1.69
927,Jonny Venters*\ventejo01,33,TBR,AL,1,1,.500,3.86,0,0,1,14.0,11,6,1,6,11,1.214,7.1,1.83
928,Jonny Venters*\ventejo01,33,ATL,NL,4,1,.800,3.54,0,0,2,20.1,15,8,0,10,16,1.230,7.1,1.60
929,Drew VerHagen\verhadr01,27,DET,AL,3,3,.500,4.63,0,0,0,56.1,46,29,6,19,53,1.154,8.5,2.79
930,Justin Verlander\verlaju01,35,HOU,AL,16,9,.640,2.52,1,1,0,214.0,156,60,28,37,290,0.902,12.2,7.84
931,Thyago Vieira\vieirth01,24,CHW,AL,1,1,.500,7.13,0,0,1,17.2,21,14,4,9,15,1.698,7.6,1.67
932,Nick Vincent\vinceni01,31,SEA,AL,4,4,.500,3.99,0,0,0,56.1,50,25,7,15,56,1.154,8.9,3.73
933,Arodys Vizcaino\vizcaar01,27,ATL,NL,2,2,.500,2.11,0,0,16,38.1,30,9,4,15,40,1.174,9.4,2.67
934,Chris Volstad\volstch01,31,CHW,AL,1,5,.167,6.27,0,0,0,47.1,65,33,9,12,29,1.627,5.5,2.42
935,Austin Voth\vothau01,26,WSN,NL,1,1,.500,6.57,0,0,0,12.1,12,9,3,6,11,1.459,8.0,1.83
936,Michael Wacha\wachami01,26,STL,NL,8,2,.800,3.20,0,0,0,84.1,68,30,9,36,71,1.233,7.6,1.97
937,Bobby Wahl\wahlbo01,26,NYM,NL,0,1,.000,10.13,0,0,0,5.1,9,6,2,4,7,2.438,11.8,1.75
938,Adam Wainwright\wainwad01,36,STL,NL,2,4,.333,4.46,0,0,0,40.1,41,20,5,18,40,1.463,8.9,2.22
939,Marcus Walden\waldema01,29,BOS,AL,0,0,,3.68,0,0,1,14.2,14,6,0,3,14,1.159,8.6,4.67
940,Taijuan Walker\walketa01,25,ARI,NL,0,0,,3.46,0,0,0,13.0,15,5,1,5,9,1.538,6.2,1.80
941,Adam Warren\warread01,30,TOT,AL,3,2,.600,3.14,0,0,0,51.2,48,18,6,20,52,1.316,9.1,2.60
942,Adam Warren\warread01,30,NYY,AL,0,1,.000,2.70,0,0,0,30.0,26,9,3,12,37,1.267,11.1,3.08
943,Adam Warren\warread01,30,SEA,AL,3,1,.750,3.74,0,0,0,21.2,22,9,3,8,15,1.385,6.2,1.88
944,Tony Watson*\watsoto01,33,SFG,NL,4,6,.400,2.59,0,0,0,66.0,54,19,4,14,72,1.030,9.8,5.14
945,Luke Weaver\weavelu01,24,STL,NL,7,11,.389,4.95,0,0,0,136.1,150,75,19,54,121,1.496,8.0,2.24
946,Tyler Webb*\webbty01,27,TOT,NL,0,1,.000,4.43,0,0,0,20.1,22,10,3,9,15,1.525,6.6,1.67
947,Tyler Webb*\webbty01,27,SDP,NL,0,1,.000,12.60,0,0,0,5.0,6,7,2,3,4,1.800,7.2,1.33
948,Tyler Webb*\webbty01,27,STL,NL,0,0,,1.76,0,0,0,15.1,16,3,1,6,11,1.435,6.5,1.83
949,Ryan Weber\weberry01,27,TBR,AL,0,1,.000,5.06,0,0,0,5.1,5,3,0,2,1,1.313,1.7,0.50
950,Allen Webster\webstal01,28,CHC,NL,1,0,1.000,6.00,0,0,0,3.0,2,2,1,1,3,1.000,9.0,3.00
951,Zack Weiss\weissza01,26,CIN,NL,0,0,,inf,0,0,0,0.0,2,4,2,2,0,,,0.00
952,J.B. Wendelken\wendejb01,25,OAK,AL,0,0,,0.54,0,0,0,16.2,8,1,1,5,14,0.780,7.6,2.80
953,Rob Whalen\whalero01,24,SEA,AL,0,0,,0.00,0,0,0,4.0,1,0,0,1,0,0.500,0.0,0.00
954,Zack Wheeler\wheelza01,28,NYM,NL,12,7,.632,3.31,0,0,0,182.1,150,67,14,55,179,1.124,8.8,3.25
955,Chase Whitley\whitlch01,29,ATL,NL,0,0,,18.00,0,0,0,1.0,2,2,1,1,1,3.000,9.0,1.00
956,Rowan Wick\wickro01,25,SDP,NL,0,1,.000,6.48,0,0,0,8.1,13,6,1,1,7,1.680,7.6,7.00
957,Brad Wieck*\wieckbr01,26,SDP,NL,0,0,,1.29,0,0,0,7.0,3,1,1,0,10,0.429,12.9,
958,Aaron Wilkerson\wilkeaa01,29,MIL,NL,0,1,.000,10.00,0,0,0,9.0,12,10,4,3,10,1.667,10.0,3.33
959,Austen Williams\williau01,25,WSN,NL,0,1,.000,5.59,0,0,0,9.2,10,6,5,6,8,1.655,7.4,1.33
960,Taylor Williams\willita01,26,MIL,NL,1,3,.250,4.25,0,0,0,53.0,53,25,6,25,57,1.472,9.7,2.28
961,Trevor Williams\willitr01,26,PIT,NL,14,10,.583,3.11,1,1,0,170.2,146,59,15,55,126,1.178,6.6,2.29
962,Alex Wilson\wilsoal01,31,DET,AL,2,4,.333,3.36,0,0,0,61.2,50,23,8,15,43,1.054,6.3,2.87
963,Bryse Wilson\wilsobr02,20,ATL,NL,1,0,1.000,6.43,0,0,0,7.0,8,5,0,6,6,2.000,7.7,1.00
964,Justin Wilson*\wilsoju10,30,CHC,NL,4,5,.444,3.46,0,0,0,54.2,45,21,5,33,69,1.427,11.4,2.09
965,Trey Wingenter\wingetr01,24,SDP,NL,0,0,,3.79,0,0,0,19.0,13,8,3,11,27,1.263,12.8,2.45
966,Dan Winkler\winklda01,28,ATL,NL,4,0,1.000,3.43,0,0,2,60.1,52,23,3,20,69,1.193,10.3,3.45
967,Matt Wisler\wislema01,25,TOT,NL,1,1,.500,4.28,0,0,0,40.0,41,19,8,7,32,1.200,7.2,4.57
968,Matt Wisler\wislema01,25,ATL,NL,1,1,.500,5.40,0,0,0,26.2,30,16,6,5,21,1.313,7.1,4.20
969,Matt Wisler\wislema01,25,CIN,NL,0,0,,2.03,0,0,0,13.1,11,3,2,2,11,0.975,7.4,5.50
970,Nick Wittgren\wittgni01,27,MIA,NL,2,1,.667,2.94,0,0,0,33.2,29,11,1,15,31,1.307,8.3,2.07
971,Alex Wood*\woodal02,27,LAD,NL,9,7,.563,3.68,0,0,0,151.2,143,62,14,40,135,1.207,8.0,3.38
972,Blake Wood\woodbl01,32,LAA,AL,1,0,1.000,2.31,0,0,0,11.2,8,3,1,7,10,1.286,7.7,1.43
973,Hunter Wood\woodhu01,24,TBR,AL,1,1,.500,3.73,0,0,0,41.0,42,17,4,18,42,1.463,9.2,2.33
974,Brandon Woodruff\woodrbr01,25,MIL,NL,3,0,1.000,3.61,0,0,1,42.1,36,17,4,14,47,1.181,10.0,3.36
975,Brandon Workman\workmbr01,29,BOS,AL,6,1,.857,3.27,0,0,0,41.1,34,15,6,16,37,1.210,8.1,2.31
976,Kyle Wright\wrighky01,22,ATL,NL,0,0,,4.50,0,0,0,6.0,4,3,2,6,5,1.667,7.5,0.83
977,Mike Wright\wrighmi01,28,BAL,AL,4,2,.667,5.55,0,0,0,84.1,101,52,12,36,74,1.625,7.9,2.06
978,Steven Wright\wrighst01,33,BOS,AL,3,1,.750,2.68,0,0,1,53.2,41,16,5,26,42,1.248,7.0,1.62
979,Jimmy Yacabonis\yacabji01,26,BAL,AL,0,2,.000,5.40,0,0,0,40.0,40,24,8,18,33,1.450,7.4,1.83
980,Ryan Yarbrough*\yarbrry01,26,TBR,AL,16,6,.727,3.91,0,0,0,147.1,140,64,18,50,128,1.290,7.8,2.56
981,Kirby Yates\yateski01,31,SDP,NL,5,3,.625,2.14,0,0,12,63.0,41,15,6,17,90,0.921,12.9,5.29
982,Mike Zagurski*\zagurmi01,35,MIL,NL,0,1,.000,63.00,0,0,0,1.0,5,7,0,2,2,7.000,18.0,1.00
983,Daniel Zamora*\zamorda01,25,NYM,NL,1,0,1.000,3.00,0,0,0,9.0,6,3,1,3,16,1.000,16.0,5.33
984,Rob Zastryzny*\zastrro01,26,CHC,NL,1,0,1.000,4.76,0,0,0,5.2,6,3,0,4,3,1.765,4.8,0.75
985,Brad Ziegler\zieglbr01,38,TOT,NL,2,6,.250,3.91,0,0,10,73.2,71,32,8,25,50,1.303,6.1,2.00
986,Brad Ziegler\zieglbr01,38,MIA,NL,1,5,.167,3.98,0,0,10,52.0,49,23,7,17,37,1.269,6.4,2.18
987,Brad Ziegler\zieglbr01,38,ARI,NL,1,1,.500,3.74,0,0,0,21.2,22,9,1,8,13,1.385,5.4,1.63
988,Jordan Zimmermann\zimmejo02,32,DET,AL,7,8,.467,4.52,0,0,0,131.1,140,66,28,26,111,1.264,7.6,4.27
989,LgAvg per 180 IP,,,,10,10,.498,4.17,0,0,6,180,171,83,23,65,171,1.311,8.5,2.61